"Node Type","Name","Description","Reference","Image","Node Type ID","Node ID"
"Person","Mr. Billott",,,,"819d45d8-b56b-4440-b9bc-102abd600b23","9a792c20-d328-4d5f-9a7d-90d5955895da"
"Person","Tarbat",,,,"819d45d8-b56b-4440-b9bc-102abd600b23","e5de6b65-e5cf-49ea-819b-02084c8b6cfa"
"Person","Balcarres",,,,"819d45d8-b56b-4440-b9bc-102abd600b23","6e062900-e6ab-4276-aa0d-1ebd16161cfe"
"Person","Robert Dundas",,,,"819d45d8-b56b-4440-b9bc-102abd600b23","bf8f10d5-cfd3-4f4d-9d24-b60611becaaa"
"Person","James Denholm",,,,"819d45d8-b56b-4440-b9bc-102abd600b23","09ed2774-ceb4-4780-827c-83c857a0821a"
"Person","Belhaven",,,,"819d45d8-b56b-4440-b9bc-102abd600b23","4df5b0cd-73dd-45fa-8293-4026b095f91d"
"Person","James McLean",,,,"819d45d8-b56b-4440-b9bc-102abd600b23","07217d6d-fc9e-4232-9f0e-cd1f7e4c42dd"
"Person","Mr. Robert Craig",,,,"819d45d8-b56b-4440-b9bc-102abd600b23","052ff5e6-3c59-4334-8cf9-10893e0ac297"
"Person","David Scrimseour",,,,"819d45d8-b56b-4440-b9bc-102abd600b23","659ca471-3c62-4304-ae8a-d70711057e49"
"Person","David Nairne",,,,"819d45d8-b56b-4440-b9bc-102abd600b23","315a9ea5-33a9-4a16-a712-80efe45f5ad6"
"Person","Joseph Plymley",,,,"819d45d8-b56b-4440-b9bc-102abd600b23","67e4f6f9-d49f-4889-a63b-2bb72b32d3fa"
"Person","Cardross",,,,"819d45d8-b56b-4440-b9bc-102abd600b23","e0933d1c-c8bb-4ec8-bcea-42bb1d01f994"
"Person","John Hamilton",,,,"819d45d8-b56b-4440-b9bc-102abd600b23","6c838aee-6fdc-4933-b488-fab380ec2bb4"
"Person","James Melville",,,,"819d45d8-b56b-4440-b9bc-102abd600b23","b893b4d6-e811-475d-8912-19b383e67137"
"Person","Mrs. Astbury",,,,"819d45d8-b56b-4440-b9bc-102abd600b23","bdfc17a2-b44d-45b9-a968-9775c01efea3"
"Person","Lady Belhaven",,,,"819d45d8-b56b-4440-b9bc-102abd600b23","acae9cea-8d27-44b7-ba0b-acb4a2e5179c"
"Person","Laird of Auchenhive",,,,"819d45d8-b56b-4440-b9bc-102abd600b23","a62571fc-e695-4335-81b1-f5f2b40f381e"
"Person","Elizabeth Row",,,,"819d45d8-b56b-4440-b9bc-102abd600b23","1b8ef986-88cd-4eb6-9a93-9cb4f02a26ef"
"Person","A. Crawford",,,,"819d45d8-b56b-4440-b9bc-102abd600b23","3129d1b1-2df0-427f-b591-048266aba690"
"Person","Mr. Baillie",,,,"819d45d8-b56b-4440-b9bc-102abd600b23","9c93da82-3f33-4106-a2c3-fbe3d0806737"
"Person","Gilbert Eliot",,,,"819d45d8-b56b-4440-b9bc-102abd600b23","eb644650-3ef9-45a4-b389-2fde021ee50e"
"Person","Isobel McNaughton",,,,"819d45d8-b56b-4440-b9bc-102abd600b23","54f516db-f58c-4b30-995e-a9aad94e1eba"
"Person","Mr. John Bruce",,,,"819d45d8-b56b-4440-b9bc-102abd600b23","a1612900-fc68-4986-bc7d-5dfa9628ef48"
"Person","Robert Spencer",,,,"819d45d8-b56b-4440-b9bc-102abd600b23","44d9f0bf-e13e-4b4b-8504-7a854f964a39"
"Person","William Scott",,,,"819d45d8-b56b-4440-b9bc-102abd600b23","44dc2bea-a9c7-4678-a778-931ea7ca2e99"
"Person","Mayor of Carlisle",,,,"819d45d8-b56b-4440-b9bc-102abd600b23","7753a351-efab-4f34-a6e3-bc677bb7ec42"
"Person","Canon",,,,"819d45d8-b56b-4440-b9bc-102abd600b23","e5f4a1d7-a704-4cc6-b88a-fe8a5e7e17d7"
"Person","Abigail White",,,,"819d45d8-b56b-4440-b9bc-102abd600b23","d1e6356d-4b79-499d-b249-785d0110602a"
"Person","Duchess Hamilton",,,,"819d45d8-b56b-4440-b9bc-102abd600b23","9227343f-fa63-42b1-9450-1dfb37f8db5d"
"Person","Falconer of Phesdo",,,,"819d45d8-b56b-4440-b9bc-102abd600b23","6b0aebe2-397d-40c6-963d-a64fc898035e"
"Person","William Lawrie of Blackwood",,,,"819d45d8-b56b-4440-b9bc-102abd600b23","71b900e8-e6db-45db-8e88-f2a75abf530e"
"Person","Daniel Hamilton",,,,"819d45d8-b56b-4440-b9bc-102abd600b23","0346174c-625c-4a4b-82a9-1d09df56b472"
"Person","Master of Forbes",,,,"819d45d8-b56b-4440-b9bc-102abd600b23","aa29fdc4-295a-479c-b9bf-07cd559c03bf"
"Person","L. McGregor",,,,"819d45d8-b56b-4440-b9bc-102abd600b23","3e5e3dfe-899f-4e20-92d1-c83f2d2e92a6"
"Person","Mr. Robert Murray of Tippermuir",,,,"819d45d8-b56b-4440-b9bc-102abd600b23","c68baaf3-1d7e-44fc-9e8d-d0a9301acb03"
"Person","Mr. Brodie",,,,"819d45d8-b56b-4440-b9bc-102abd600b23","b3f2426e-40af-499b-9681-edf5b64488f7"
"Person","D. Nairne",,,,"819d45d8-b56b-4440-b9bc-102abd600b23","d15a95d3-6a2c-4f9b-b5f7-565578cbaab8"
"Person","Dunfermline",,,,"819d45d8-b56b-4440-b9bc-102abd600b23","857fb109-5200-41df-9051-766bdeb6c57c"
"Person","Archibald Rae",,,,"819d45d8-b56b-4440-b9bc-102abd600b23","fc134043-0c5c-4153-ada3-94e4da0fa744"
"Person","Sunderland",,,,"819d45d8-b56b-4440-b9bc-102abd600b23","c34421d6-29c9-4962-95bd-1d2400801e73"
"Person","John Scott",,,,"819d45d8-b56b-4440-b9bc-102abd600b23","d1413a25-1e6f-4f2c-9a73-7972a5a07cb1"
"Person","Countess Antrim",,,,"819d45d8-b56b-4440-b9bc-102abd600b23","96da5271-469a-4a40-ae58-dba504ffda35"
"Person","Gilbert Hall",,,,"819d45d8-b56b-4440-b9bc-102abd600b23","4dfbc125-874f-4d61-a123-1e67bc84158e"
"Person","Robert Johnston",,,,"819d45d8-b56b-4440-b9bc-102abd600b23","6193f0f9-26f4-4c05-bc50-2abe489b6230"
"Person","Major Robert Middleton",,,,"819d45d8-b56b-4440-b9bc-102abd600b23","35c97612-932a-49d3-8bed-e83232b9e777"
"Person","Susan Howard, Panmure",,,,"819d45d8-b56b-4440-b9bc-102abd600b23","42f41815-de25-48d1-8da5-f810742e71e4"
"Person","Mr. Ward",,,,"819d45d8-b56b-4440-b9bc-102abd600b23","33e02eb7-6176-41bc-b403-2c6f8920c4af"
"Person","Hall",,,,"819d45d8-b56b-4440-b9bc-102abd600b23","95d774ba-6082-4307-8179-7fce8d964e19"
"Person","Hamitlon",,,,"819d45d8-b56b-4440-b9bc-102abd600b23","88c87f96-a2ae-48f3-886d-7ce0a1ab7328"
"Person","Polwarth",,,,"819d45d8-b56b-4440-b9bc-102abd600b23","e7753e5f-4d93-4ee0-9b34-a42b62043166"
"Person","Laird of Spittell",,,,"819d45d8-b56b-4440-b9bc-102abd600b23","ae16f7eb-ff94-4adf-b3e4-f65bd08264f0"
"Person","Thomas Livingston",,,,"819d45d8-b56b-4440-b9bc-102abd600b23","e7a890c1-eabd-45b5-a1e9-572db251c49c"
"Person","Shrewsbury",,,,"819d45d8-b56b-4440-b9bc-102abd600b23","7ea35c53-00c9-40f5-aca2-927f9561b78d"
"Person","F. Saunders",,,,"819d45d8-b56b-4440-b9bc-102abd600b23","cf297977-03a0-4b6a-aac8-5f7e2a701c41"
"Person","Barrellon",,,,"819d45d8-b56b-4440-b9bc-102abd600b23","54ecca96-653b-43e1-aee3-c6eccbf60584"
"Person","James Graham",,,,"819d45d8-b56b-4440-b9bc-102abd600b23","c375c556-7674-4770-b667-f2679daa0aa6"
"Person","Hew Wood",,,,"819d45d8-b56b-4440-b9bc-102abd600b23","49a55662-bbac-4592-abf5-d6fe47db1a2a"
"Person","Bruce",,,,"819d45d8-b56b-4440-b9bc-102abd600b23","d80220b3-94c3-4ec9-b4d2-1c2bc61718f6"
"Person","William Stewart",,,,"819d45d8-b56b-4440-b9bc-102abd600b23","a0a72b56-cdb4-494e-adfe-0454ee0446bd"
"Person","John Saunders",,,,"819d45d8-b56b-4440-b9bc-102abd600b23","8c3f57d2-fae4-4b44-b068-7f14d69c6baf"
"Person","Archibald Hamilton",,,,"819d45d8-b56b-4440-b9bc-102abd600b23","1f4efedf-a201-4b31-9399-8f352e25f005"
"Person","E. Foden",,,,"819d45d8-b56b-4440-b9bc-102abd600b23","19264cac-2289-4959-b9eb-4baed203a16b"
"Person","Andrew Russell",,,,"819d45d8-b56b-4440-b9bc-102abd600b23","37442a1f-1bb1-4182-bcd4-b97afa7542b6"
"Person","Neville Payne",,,,"819d45d8-b56b-4440-b9bc-102abd600b23","fd8b619a-36f4-4e5b-9ab1-23a54668bcb1"
"Person","McNaughton",,,,"819d45d8-b56b-4440-b9bc-102abd600b23","2269a15b-5984-4f96-be37-9b0598129963"
"Person","Baillie Clerk",,,,"819d45d8-b56b-4440-b9bc-102abd600b23","8cf1121a-0ab8-4db9-bd99-faae1e33a0ca"
"Person","William Black",,,,"819d45d8-b56b-4440-b9bc-102abd600b23","9570a408-bc33-4b81-a8a6-f8ab73aab365"
"Person","John Boyd",,,,"819d45d8-b56b-4440-b9bc-102abd600b23","d1241d28-1948-4128-846a-4958cfd1bcb9"
"Person","Countess of Kincardine",,,,"819d45d8-b56b-4440-b9bc-102abd600b23","6de733a8-10d2-41d9-8dc0-976ee6e53ead"
"Person","David Hume",,,,"819d45d8-b56b-4440-b9bc-102abd600b23","6cb2cd8a-1caf-415a-bec5-9652b0d82a05"
"Person","Jacobite Agent",,,,"819d45d8-b56b-4440-b9bc-102abd600b23","7e97a712-8ac8-4c89-a0e6-6502bc0b906a"
"Person","George Hamilton",,,,"819d45d8-b56b-4440-b9bc-102abd600b23","01f0b3a4-5b30-446f-bf75-5f2e2865ae36"
"Person","Thomas Rokeby",,,,"819d45d8-b56b-4440-b9bc-102abd600b23","9f9a856c-4345-499e-bb29-7c1d4fcf66de"
"Person","Miss Gilbert",,,,"819d45d8-b56b-4440-b9bc-102abd600b23","6f5a39d0-f5f3-48ba-b08e-fff9abd3fdb1"
"Person","Conne",,,,"819d45d8-b56b-4440-b9bc-102abd600b23","13230add-239c-4a51-b562-a2adacf19972"
"Person","Lady Tarbat",,,,"819d45d8-b56b-4440-b9bc-102abd600b23","8144f418-8ee0-4087-a757-4a35b21b80b3"
"Person","His wife",,,,"819d45d8-b56b-4440-b9bc-102abd600b23","a14bf4d5-3126-4dd3-b664-1f569ed17fa2"
"Person","John Craig",,,,"819d45d8-b56b-4440-b9bc-102abd600b23","77e7ea18-6d16-41c3-be76-551bb0d5e473"
"Person","Lord Cardross",,,,"819d45d8-b56b-4440-b9bc-102abd600b23","d81240d1-42a2-4843-9244-bbf7bfe76d47"
"Person","John Farquarson",,,,"819d45d8-b56b-4440-b9bc-102abd600b23","b1bb2135-83bc-477a-9a5f-8038a5cfb6d8"
"Person","John Hamilton, Halcraig",,,,"819d45d8-b56b-4440-b9bc-102abd600b23","34a7a664-d507-4834-863e-f0d335840d5e"
"Person","Hugh Campbell of Cawdor",,,,"819d45d8-b56b-4440-b9bc-102abd600b23","e50906e8-ac85-4ee8-9afe-3cb56525bad6"
"Person","Laird of Westshields",,,,"819d45d8-b56b-4440-b9bc-102abd600b23","eadd2a55-2bcc-4ea3-b99c-41776ef74049"
"Person","Kennedy of Cloburne",,,,"819d45d8-b56b-4440-b9bc-102abd600b23","1d613389-1547-41fe-859b-c462910e1447"
"Person","James Kirkton",,,,"819d45d8-b56b-4440-b9bc-102abd600b23","930a287d-cf57-4a5d-aeb6-51dd15a4eb8b"
"Person","John Buckingham",,,,"819d45d8-b56b-4440-b9bc-102abd600b23","55290df9-4c6c-40b1-bbc6-8004972d8a4d"
"Person","Mrs. McNaughton",,,,"819d45d8-b56b-4440-b9bc-102abd600b23","9fa7d2de-6f95-41ec-b4c4-c0edbdd0a94b"
"Person","Philliphaugh",,,,"819d45d8-b56b-4440-b9bc-102abd600b23","5ee96607-091d-418a-b601-1486d6ea3538"
"Person","A. Kennedy",,,,"819d45d8-b56b-4440-b9bc-102abd600b23","6e486e74-c281-4430-9ba5-1d28f21c0e93"
"Person","George Milne",,,,"819d45d8-b56b-4440-b9bc-102abd600b23","2687ded9-581b-45e1-a7ed-4d4b14b4bfd8"
"Person","Charles Melville",,,,"819d45d8-b56b-4440-b9bc-102abd600b23","30ea580e-2bbd-4c9c-95c4-8633d9fb7aad"
"Person","Mr. Crawford",,,,"819d45d8-b56b-4440-b9bc-102abd600b23","8b544c57-50d0-4736-ad40-7aa9d6f68369"
"Person","Thomas Morton",,,,"819d45d8-b56b-4440-b9bc-102abd600b23","4f3ab597-ed95-4cb4-a487-5354e86fe56e"
"Person","Lt. Col. James Auchenbruc",,,,"819d45d8-b56b-4440-b9bc-102abd600b23","09436954-221a-46b1-9e00-0d26d5481f29"
"Person","Dr. Munro",,,,"819d45d8-b56b-4440-b9bc-102abd600b23","2e9775d2-95f8-42d8-be19-5cfbaefb4426"
"Person","Arthur Naismith",,,,"819d45d8-b56b-4440-b9bc-102abd600b23","642a239a-fedf-4d8f-8ab8-60ecd9904e15"
"Person","Patrick Bellenden",,,,"819d45d8-b56b-4440-b9bc-102abd600b23","49625b49-d548-47a6-8cfd-204706ee92d0"
"Person","James",,,,"819d45d8-b56b-4440-b9bc-102abd600b23","b5f4a5c2-182b-42d1-8e01-2bab485cbe8e"
"Person","Stewart of Coltness",,,,"819d45d8-b56b-4440-b9bc-102abd600b23","532590d1-6926-422b-8da2-5c7de48f028d"
"Person","Robert Naismith",,,,"819d45d8-b56b-4440-b9bc-102abd600b23","38e91bea-f81b-48f4-9765-f9260cfe6e1f"
"Person","Archibald, Bishop of the Isles",,,,"819d45d8-b56b-4440-b9bc-102abd600b23","5e0381c3-4b19-46e3-9b8a-4be6af70bbed"
"Person","Rothes",,,,"819d45d8-b56b-4440-b9bc-102abd600b23","6afb3bb5-2ad6-4329-baa3-ad3bd0e15033"
"Person","James Deanes",,,,"819d45d8-b56b-4440-b9bc-102abd600b23","89617fd7-1f01-41a2-b8e6-048703a56584"
"Person","Dionisius Inglis",,,,"819d45d8-b56b-4440-b9bc-102abd600b23","9e479f80-5faa-4c70-9e01-72283c9465a4"
"Person","Alexander Hume",,,,"819d45d8-b56b-4440-b9bc-102abd600b23","ffdee10c-85e0-47d7-b131-629b3407c8a0"
"Person","John Clark, younger",,,,"819d45d8-b56b-4440-b9bc-102abd600b23","0ec8421c-1969-4b63-9c8c-c0f4491b4039"
"Person","Thomas Dunbar",,,,"819d45d8-b56b-4440-b9bc-102abd600b23","fbbced84-5dd8-4da2-887d-d9dcaa5310ab"
"Person","Baird of Newbyth",,,,"819d45d8-b56b-4440-b9bc-102abd600b23","7a13eb37-6248-4fca-a73c-5f97c436241c"
"Person","Lady Dunfermline",,,,"819d45d8-b56b-4440-b9bc-102abd600b23","eb3d84a9-cb39-44ff-88e3-c27b33019187"
"Person","G. Muirhead",,,,"819d45d8-b56b-4440-b9bc-102abd600b23","9a99b37f-c3b0-428e-9795-b55e6eeb1bfd"
"Person","Parliament",,,,"819d45d8-b56b-4440-b9bc-102abd600b23","c659f6ce-bc1d-4b68-a119-1d57625b5c76"
"Person","Robert Stewart",,,,"819d45d8-b56b-4440-b9bc-102abd600b23","0797a706-39d3-45e5-a7ba-12e72bab5050"
"Person","Lady Auchenbreck",,,,"819d45d8-b56b-4440-b9bc-102abd600b23","a90d0abb-9a0d-44da-95d6-282889746fbf"
"Person","John How",,,,"819d45d8-b56b-4440-b9bc-102abd600b23","0a6309bb-ad58-42b1-8590-2883b26ebafd"
"Person","Neil Campbell",,,,"819d45d8-b56b-4440-b9bc-102abd600b23","80b5fd51-2f72-44ab-9c29-7b7e94e79079"
"Person","Glengarry",,,,"819d45d8-b56b-4440-b9bc-102abd600b23","1c3fcb74-2007-4ba0-8934-066be7f23190"
"Person","Queen Mary of Modena",,,,"819d45d8-b56b-4440-b9bc-102abd600b23","0f264840-52d0-48cc-82e9-44890def6907"
"Person","R. Colville",,,,"819d45d8-b56b-4440-b9bc-102abd600b23","0cb385cf-30f5-49a6-9fab-79f67008d846"
"Person","Henrietta Campbell",,,,"819d45d8-b56b-4440-b9bc-102abd600b23","6e651be8-8f7d-46a7-ae18-7e12b1da5a76"
"Person","Seaforth",,,,"819d45d8-b56b-4440-b9bc-102abd600b23","7d836278-4ba0-4ade-87cf-aac2a102aec2"
"Person","Sir George Lockhart",,,,"819d45d8-b56b-4440-b9bc-102abd600b23","6fd5ca5c-a3af-4664-8480-e18c7d45c76e"
"Person","John Robertson",,,,"819d45d8-b56b-4440-b9bc-102abd600b23","b5c65c67-b6f8-4522-8555-97083737a819"
"Person","Cunningham",,,,"819d45d8-b56b-4440-b9bc-102abd600b23","3a33a11c-9daf-4a24-a707-90026e7f7762"
"Person","Edward Hungerford, younger",,,,"819d45d8-b56b-4440-b9bc-102abd600b23","7f79b505-5660-4a30-a2aa-0ca5bed49211"
"Person","Thomas Bass",,,,"819d45d8-b56b-4440-b9bc-102abd600b23","ba5f238c-d7d6-458d-ab12-85f9c1ca51db"
"Person","Alexander Innes",,,,"819d45d8-b56b-4440-b9bc-102abd600b23","aec5025e-2034-4521-a064-4291769610fb"
"Person","Cochrane",,,,"819d45d8-b56b-4440-b9bc-102abd600b23","a024458e-d2c4-4027-838d-da44028fe8a2"
"Person","Countess Balcarres",,,,"819d45d8-b56b-4440-b9bc-102abd600b23","ec46d6a0-32dc-4ce7-b8ae-29fb30d0dd8d"
"Person","Angus Campbell",,,,"819d45d8-b56b-4440-b9bc-102abd600b23","99e3eacd-241f-4bce-ad03-6cdb3784342f"
"Person","Countess of Rothes",,,,"819d45d8-b56b-4440-b9bc-102abd600b23","a87351be-2fc7-42b1-b0b6-26778a8c0b1e"
"Person","John McNaughton",,,,"819d45d8-b56b-4440-b9bc-102abd600b23","eb940167-258f-4372-b32f-f935a3ae40e7"
"Person","James Coull",,,,"819d45d8-b56b-4440-b9bc-102abd600b23","2aaba773-117e-4f68-a2c1-a689e1948180"
"Person","Colonel Codrington",,,,"819d45d8-b56b-4440-b9bc-102abd600b23","10a472e4-b406-42d8-9bc1-bb393bab89b8"
"Person","Blackbarrony",,,,"819d45d8-b56b-4440-b9bc-102abd600b23","5b66a2e6-1a8a-465a-8e23-713da1d6eba0"
"Person","George Stirling",,,,"819d45d8-b56b-4440-b9bc-102abd600b23","3196da6e-71fd-4723-956f-68c448e4bb98"
"Person","Her husband*",,,,"819d45d8-b56b-4440-b9bc-102abd600b23","db69e1f7-ebca-4a19-a4f8-70b4b2599cf8"
"Person","Scrimgeour",,,,"819d45d8-b56b-4440-b9bc-102abd600b23","675dee96-5c8c-4232-9bc6-5e4a42ec28a3"
"Person","Countess of Dundonald",,,,"819d45d8-b56b-4440-b9bc-102abd600b23","03fb2745-6edf-4aaa-b96d-aa88dd409ef1"
"Person","J. Lockhart",,,,"819d45d8-b56b-4440-b9bc-102abd600b23","c4d4a406-39d1-4046-a6db-c87afeae83bc"
"Person","Charles Hamilton",,,,"819d45d8-b56b-4440-b9bc-102abd600b23","ae16f8fe-512b-47bd-aece-c301c8053478"
"Person","Andrew McNeillie",,,,"819d45d8-b56b-4440-b9bc-102abd600b23","31df9fd7-181d-4477-bdf3-d7e7c8fc58e9"
"Person","Mr. Law",,,,"819d45d8-b56b-4440-b9bc-102abd600b23","006c03eb-4059-4382-8181-ebe754eeae8e"
"Person","Walter Corbets",,,,"819d45d8-b56b-4440-b9bc-102abd600b23","57102709-8c5f-4095-a48a-68baa64a4e48"
"Person","Kintore",,,,"819d45d8-b56b-4440-b9bc-102abd600b23","52dd279b-c286-450b-88c8-b7644f3a2e10"
"Person","W. B.",,,,"819d45d8-b56b-4440-b9bc-102abd600b23","1299d078-6f73-44b5-953f-fdf9c0524d48"
"Person","Laird Cassingray",,,,"819d45d8-b56b-4440-b9bc-102abd600b23","da35ed6d-e0d8-4a4a-b5e8-add6a9c35cd7"
"Person","Charles Spencer",,,,"819d45d8-b56b-4440-b9bc-102abd600b23","ec7d6e53-d38b-48aa-86a6-d7bebedaff42"
"Person","David Lindsay",,,,"819d45d8-b56b-4440-b9bc-102abd600b23","e1f63dd1-f73f-4a4e-ab32-090c97182ba4"
"Person","Livingston",,,,"819d45d8-b56b-4440-b9bc-102abd600b23","f63375ce-620b-4441-b2d3-9c2d408ddc76"
"Person","A. Brackin",,,,"819d45d8-b56b-4440-b9bc-102abd600b23","38c06f0d-f33a-4cad-9dd1-8d33f5805860"
"Person","John MacKenzie",,,,"819d45d8-b56b-4440-b9bc-102abd600b23","e1ac0dac-e179-4e4d-a225-05a1fd5c0929"
"Person","Charles Oliphant",,,,"819d45d8-b56b-4440-b9bc-102abd600b23","6e37c336-3a09-4318-ba11-ca55212bb293"
"Person","William Bruce",,,,"819d45d8-b56b-4440-b9bc-102abd600b23","2d5c51b9-9a23-45ac-9a74-1d06615b036e"
"Person","William Riach",,,,"819d45d8-b56b-4440-b9bc-102abd600b23","6043b5dd-105f-46cf-b93d-0cc73f445a03"
"Person","M. St Leger",,,,"819d45d8-b56b-4440-b9bc-102abd600b23","54b70112-d640-410a-aa9f-62505868e357"
"Person","Lady Gerard",,,,"819d45d8-b56b-4440-b9bc-102abd600b23","16ad3896-f2fd-4c2c-a024-c94c68a1b31e"
"Person","Unknown",,,,"819d45d8-b56b-4440-b9bc-102abd600b23","51499f34-96db-46f3-b28a-c007cb43b8f2"
"Person","Hugh Kennedy",,,,"819d45d8-b56b-4440-b9bc-102abd600b23","c9a773ee-81b5-44cc-b882-649cc5d4b8c0"
"Person","Andrew Schaw",,,,"819d45d8-b56b-4440-b9bc-102abd600b23","16020855-7b5b-4c0d-8c95-882acd1f939e"
"Person","Alexander McDowall",,,,"819d45d8-b56b-4440-b9bc-102abd600b23","9a0a97da-b9ca-496b-8788-816f548e78da"
"Person","John Walkinshaw",,,,"819d45d8-b56b-4440-b9bc-102abd600b23","b5dd75e7-5a9b-4121-bbf1-fd760ac66b4f"
"Person","Jane Barker",,,,"819d45d8-b56b-4440-b9bc-102abd600b23","6e9a85f5-b788-44b3-a523-5944542e796b"
"Person","Marie Arskin",,,,"819d45d8-b56b-4440-b9bc-102abd600b23","33d7b2d7-97cb-4d9c-979f-cb686ad970a3"
"Person","George Gordon",,,,"819d45d8-b56b-4440-b9bc-102abd600b23","2ab13f84-2819-4334-b0a4-991dca207a73"
"Person","Livingston of Kilsyth",,,,"819d45d8-b56b-4440-b9bc-102abd600b23","6294c37e-15f8-4708-97d5-f605175599cb"
"Person","Viscount Massereene",,,,"819d45d8-b56b-4440-b9bc-102abd600b23","91f90e8e-36ba-45f4-90a8-960b84f57859"
"Person","Breadalbane",,,,"819d45d8-b56b-4440-b9bc-102abd600b23","6c011551-84a2-4b68-8e01-6b90b0c97ee2"
"Person","Laird McNaughton",,,,"819d45d8-b56b-4440-b9bc-102abd600b23","be39114b-9e2e-4b7d-8d4f-6d116eecb63b"
"Person","Countess of Arran",,,,"819d45d8-b56b-4440-b9bc-102abd600b23","c9c0c157-b0ee-4b97-93b8-a620b0a87d2d"
"Person","William Braithwaite",,,,"819d45d8-b56b-4440-b9bc-102abd600b23","7c9912a8-55a4-4d88-9629-e451076a955d"
"Person","William Anderson",,,,"819d45d8-b56b-4440-b9bc-102abd600b23","6861145c-e69c-48c3-9fda-7885d3496c15"
"Person","James Nisbit",,,,"819d45d8-b56b-4440-b9bc-102abd600b23","0d8177a6-1469-4ecb-8fab-778173b086f0"
"Person","Sir Charles Graham",,,,"819d45d8-b56b-4440-b9bc-102abd600b23","a2745697-5a14-4961-8c23-b39a8f72288d"
"Person","John Johnston",,,,"819d45d8-b56b-4440-b9bc-102abd600b23","8b8d4a7e-d323-4832-9ce8-4b818c70a99f"
"Person","W. Erskine",,,,"819d45d8-b56b-4440-b9bc-102abd600b23","1ed16fa5-3e2c-47e4-bb23-125cc1b6c76e"
"Person","Lt. Waddell",,,,"819d45d8-b56b-4440-b9bc-102abd600b23","62e15226-0de4-4de2-8219-f34ac8f46dee"
"Person","Allan McDonald",,,,"819d45d8-b56b-4440-b9bc-102abd600b23","c4b59ec5-f87d-47c8-9234-36e9d97f6b6f"
"Person","Pittarro",,,,"819d45d8-b56b-4440-b9bc-102abd600b23","139bb360-0340-42c2-b8b7-aef75df0fa03"
"Person","James St. Clair",,,,"819d45d8-b56b-4440-b9bc-102abd600b23","ebd2f872-ec6e-40d3-b30a-2fd8b19775b1"
"Person","Feversham",,,,"819d45d8-b56b-4440-b9bc-102abd600b23","1842c193-d4b4-4acf-a4ae-f74345bd82ec"
"Person","Captain George Rooke",,,,"819d45d8-b56b-4440-b9bc-102abd600b23","9f16d11f-84e7-462d-9869-72741bc8f9bb"
"Person","Dugal Campbell",,,,"819d45d8-b56b-4440-b9bc-102abd600b23","77b2f77c-3ee8-4312-8054-fd463f01f82c"
"Person","Alexander Canon",,,,"819d45d8-b56b-4440-b9bc-102abd600b23","e5033057-25b0-4c8e-9b8e-0807df959bd1"
"Person","Count Leslie",,,,"819d45d8-b56b-4440-b9bc-102abd600b23","b94b8ed9-fb9e-44f2-a5af-a0fdd07ec2ed"
"Person","Saltoun",,,,"819d45d8-b56b-4440-b9bc-102abd600b23","dc5dc783-0922-4e8c-be5d-3af3ade4e78c"
"Person","Swinton",,,,"819d45d8-b56b-4440-b9bc-102abd600b23","efb39140-a8ed-4502-a87f-bd7b53b2c814"
"Person","John Campbell",,,,"819d45d8-b56b-4440-b9bc-102abd600b23","9fd53b17-bced-424b-9817-0d9597433278"
"Person","Cap. Robert McKay",,,,"819d45d8-b56b-4440-b9bc-102abd600b23","adb4395f-82b8-41ce-a7d4-05d9a37a1c0a"
"Person","Lieutenant Colonel Hamilton",,,,"819d45d8-b56b-4440-b9bc-102abd600b23","730c42f0-65e7-40b4-966f-9fe728d2247c"
"Person","Stevenston",,,,"819d45d8-b56b-4440-b9bc-102abd600b23","f1a424a1-7032-4ac4-9888-197bfd70dc54"
"Person","Thomas Wilson",,,,"819d45d8-b56b-4440-b9bc-102abd600b23","4d9845c5-8548-4b79-8d67-1ceac681699f"
"Person","John Macky",,,,"819d45d8-b56b-4440-b9bc-102abd600b23","709b4213-c057-49bc-97ce-da49d358a8cb"
"Person","Mackay",,,,"819d45d8-b56b-4440-b9bc-102abd600b23","ccb46484-a60b-4069-b490-da0a66f93e59"
"Person","Carmichael",,,,"819d45d8-b56b-4440-b9bc-102abd600b23","67e94cdf-6f97-48b3-bb02-5d44f8c6f789"
"Person","Mr. Milton",,,,"819d45d8-b56b-4440-b9bc-102abd600b23","0a1c8b4c-e469-40e9-8811-724994fa7826"
"Person","Tweeddale",,,,"819d45d8-b56b-4440-b9bc-102abd600b23","6b1cd620-d946-43a4-b0d4-04d57bdcdbd7"
"Person","Lady Polwarth",,,,"819d45d8-b56b-4440-b9bc-102abd600b23","bd580b36-25c5-4cd2-81f6-58a174fceb72"
"Person","George Brown",,,,"819d45d8-b56b-4440-b9bc-102abd600b23","5182a0b0-e3ad-4c11-a856-76072421d3f4"
"Person","John Naismith",,,,"819d45d8-b56b-4440-b9bc-102abd600b23","b1448e88-a208-40be-973f-e3b30b8adc69"
"Person","Lachlan McIntosh",,,,"819d45d8-b56b-4440-b9bc-102abd600b23","9b4c9c7c-390c-4713-b274-aad616de7eea"
"Person","Alexander Kennedy",,,,"819d45d8-b56b-4440-b9bc-102abd600b23","a53de455-8330-4f95-94d2-053b333d12b9"
"Person","Ewan Cameron",,,,"819d45d8-b56b-4440-b9bc-102abd600b23","611044a2-f008-4104-beab-1f732073b07d"
"Person","Gordon",,,,"819d45d8-b56b-4440-b9bc-102abd600b23","3e73fcd9-0680-426b-bcf0-ce0c092ee1c4"
"Person","J. Smith",,,,"819d45d8-b56b-4440-b9bc-102abd600b23","d16a1eb0-8541-4c2c-bde0-5a6e11aacb98"
"Person","Sheriff Depute Lanark",,,,"819d45d8-b56b-4440-b9bc-102abd600b23","9a4fcbd5-c6ca-411f-ad1d-4738db0ce43e"
"Person","Thomas Ailborne",,,,"819d45d8-b56b-4440-b9bc-102abd600b23","75b99cc2-7276-448f-a82b-9284ad2298da"
"Person","David Crawford",,,,"819d45d8-b56b-4440-b9bc-102abd600b23","dd41a120-17bc-4c2b-afea-8ad04d059ee5"
"Person","Charles Hope of Hopeton",,,,"819d45d8-b56b-4440-b9bc-102abd600b23","be6b9b8c-d896-4c91-8d61-2f04884f090e"
"Person","Blair",,,,"819d45d8-b56b-4440-b9bc-102abd600b23","f666aff2-7569-4728-b94b-09829857ed5e"
"Person","Drumlanrig",,,,"819d45d8-b56b-4440-b9bc-102abd600b23","f625d6cb-6409-443c-98d7-b8284b3cbb6e"
"Person","Patrick Cockburn",,,,"819d45d8-b56b-4440-b9bc-102abd600b23","f30c854a-5b63-4160-ab32-a55567177add"
"Person","George Mossman",,,,"819d45d8-b56b-4440-b9bc-102abd600b23","229f2915-75da-4b2c-bbd3-e214ddc1a96a"
"Person","President of Privy Council",,,,"819d45d8-b56b-4440-b9bc-102abd600b23","c7f550de-4212-4497-8815-2b530c097fa6"
"Person","Cap. James Hamilton",,,,"819d45d8-b56b-4440-b9bc-102abd600b23","65d7393c-86b5-42ab-be3c-60267c1296a1"
"Person","John Grierson",,,,"819d45d8-b56b-4440-b9bc-102abd600b23","6b39c7c1-009a-4a7e-a59e-d87196e026fb"
"Person","George MacKenzie",,,,"819d45d8-b56b-4440-b9bc-102abd600b23","db40720b-3b65-4e1e-a0a2-b9ecec215bb9"
"Person","Alexander Chisholm",,,,"819d45d8-b56b-4440-b9bc-102abd600b23","8ef08247-f721-4ac9-893c-8ab2e80f43f8"
"Person","Alexander Melville",,,,"819d45d8-b56b-4440-b9bc-102abd600b23","182c4801-af53-4c01-b469-5a167bbf14d2"
"Person","Moncrieff",,,,"819d45d8-b56b-4440-b9bc-102abd600b23","98caf98d-ee3d-4826-aef3-585c2a8a87c8"
"Person","M. Erskine",,,,"819d45d8-b56b-4440-b9bc-102abd600b23","2d07305f-d1d8-4f39-a573-4000ee78001b"
"Person","Mar",,,,"819d45d8-b56b-4440-b9bc-102abd600b23","a00102f8-264f-4b71-b0c7-23041cab1a7e"
"Person","A. B.",,,,"819d45d8-b56b-4440-b9bc-102abd600b23","55548b03-e9a2-4304-a5a3-d502b24f1b05"
"Person","David Cairnes",,,,"819d45d8-b56b-4440-b9bc-102abd600b23","53950999-fa24-4612-8bb8-815de06c6826"
"Person","S.D.",,,,"819d45d8-b56b-4440-b9bc-102abd600b23","ce0fb72c-c55b-4cce-b7d8-b6616bc158aa"
"Person","Buchan",,,,"819d45d8-b56b-4440-b9bc-102abd600b23","4572c060-b96c-4e3c-8d1f-568d5bb0b813"
"Person","Crawford",,,,"819d45d8-b56b-4440-b9bc-102abd600b23","36422a6c-46ac-463e-88f2-def913ce20e3"
"Person","A. Gordon",,,,"819d45d8-b56b-4440-b9bc-102abd600b23","53713c89-43a5-44b6-92c5-00e71e97279f"
"Person","Cap. Cole",,,,"819d45d8-b56b-4440-b9bc-102abd600b23","16a68d30-3c33-4e06-b19f-63120daf27b2"
"Person","Mr. Pulford",,,,"819d45d8-b56b-4440-b9bc-102abd600b23","576673a4-0692-4453-aebb-e04da54dc00f"
"Person","Sinkelton Richmond",,,,"819d45d8-b56b-4440-b9bc-102abd600b23","5cb67327-abb2-41d0-892f-e666f0bea5c4"
"Person","Madam Harcourt",,,,"819d45d8-b56b-4440-b9bc-102abd600b23","139cea2c-7a68-4a72-845f-d23bfd016097"
"Person","Daniel Carmichael",,,,"819d45d8-b56b-4440-b9bc-102abd600b23","dcc0a72e-c6cc-4a5e-9392-4505d3982a6b"
"Person","Atholl",,,,"819d45d8-b56b-4440-b9bc-102abd600b23","c2e63411-b0c7-499e-8afb-c5c3ca6e4a7d"
"Person","John Cunningham",,,,"819d45d8-b56b-4440-b9bc-102abd600b23","fe448bee-519b-4c82-9818-a4fce5f39df3"
"Person","Jonathan Norman",,,,"819d45d8-b56b-4440-b9bc-102abd600b23","c236d161-df94-4a42-b208-e93d8a92cf78"
"Person","Patrick Mein",,,,"819d45d8-b56b-4440-b9bc-102abd600b23","6b92e9aa-c27e-48be-bf25-0dab01d59129"
"Person","Colonel Kendall",,,,"819d45d8-b56b-4440-b9bc-102abd600b23","142fb688-37d9-4ae0-932b-643fb618d38c"
"Person","Lt. General of H.M. Forces in Scotland",,,,"819d45d8-b56b-4440-b9bc-102abd600b23","4dbf4fb6-54b9-4620-8a52-324980b6dc7e"
"Person","H. Perye",,,,"819d45d8-b56b-4440-b9bc-102abd600b23","7ec6dd56-9a4e-434d-bf6e-8aad290d8562"
"Person","Anthony Mayne",,,,"819d45d8-b56b-4440-b9bc-102abd600b23","fbb7fad2-0905-4d96-bfd9-c1dc22c82415"
"Person","William Campbell",,,,"819d45d8-b56b-4440-b9bc-102abd600b23","0d66de8f-2994-4820-acf4-d5d1bb215677"
"Person","R. Bristol",,,,"819d45d8-b56b-4440-b9bc-102abd600b23","225015cd-a5aa-41fa-98e0-8b5506415d98"
"Person","James Dunlop",,,,"819d45d8-b56b-4440-b9bc-102abd600b23","e1340c51-89a5-4fc6-a77d-ab85494d0f28"
"Person","Lt. Colin Fairfull",,,,"819d45d8-b56b-4440-b9bc-102abd600b23","60d40133-1fd3-444a-978a-696290f1783f"
"Person","Glencairn",,,,"819d45d8-b56b-4440-b9bc-102abd600b23","595c974e-b839-4d42-87d2-3848dac9b652"
"Person","Charles Graham",,,,"819d45d8-b56b-4440-b9bc-102abd600b23","d6b6d76c-6f91-442c-893a-6c407343c91a"
"Person","John Lochore",,,,"819d45d8-b56b-4440-b9bc-102abd600b23","b159cafb-c881-45df-bd17-40ef04d21c34"
"Person","Anderson",,,,"819d45d8-b56b-4440-b9bc-102abd600b23","dfa93a45-5818-4f45-91d7-d3eaccebd540"
"Person","Aeneas Macpherson",,,,"819d45d8-b56b-4440-b9bc-102abd600b23","0feea594-0ee5-4d8a-b9a2-01bae947bc30"
"Person","W. W.",,,,"819d45d8-b56b-4440-b9bc-102abd600b23","4b16857f-95a0-4d8f-94b3-74d561291a21"
"Person","William Irvine",,,,"819d45d8-b56b-4440-b9bc-102abd600b23","d4dd3ef6-8a94-4583-97d2-d48fd09c4048"
"Person","Jameson",,,,"819d45d8-b56b-4440-b9bc-102abd600b23","a234be52-9037-47c0-bc67-5ffe6b709ca8"
"Person","S. Maxwell",,,,"819d45d8-b56b-4440-b9bc-102abd600b23","e6d7b80a-58ff-4fb1-a373-4b19ba61342f"
"Person","Pottinger",,,,"819d45d8-b56b-4440-b9bc-102abd600b23","f3951a33-51b4-4355-b48e-0d093403831f"
"Person","Lt. Col. W. Arnott",,,,"819d45d8-b56b-4440-b9bc-102abd600b23","147ffcfa-121e-4a19-aa5b-4c386a59ca87"
"Person","Charles Roberts",,,,"819d45d8-b56b-4440-b9bc-102abd600b23","962a94ce-314c-4dd3-9714-9e6ccbb7570c"
"Person","Countess Seaforth",,,,"819d45d8-b56b-4440-b9bc-102abd600b23","c403a96f-c185-4cb2-81bb-7fa13f33d1ce"
"Person","Lord Drummond",,,,"819d45d8-b56b-4440-b9bc-102abd600b23","69c508d8-8d19-4bdd-af43-7b91c304a1c4"
"Person","Fountainhall",,,,"819d45d8-b56b-4440-b9bc-102abd600b23","50ce1111-b568-4292-a414-788fbfe85be4"
"Person","Mackenzie",,,,"819d45d8-b56b-4440-b9bc-102abd600b23","f702be03-92b6-4232-addc-928784454731"
"Person","J. Nisbet",,,,"819d45d8-b56b-4440-b9bc-102abd600b23","faf1bcf9-604b-40fc-89b5-62859b72c60b"
"Person","John Dalrymple",,,,"819d45d8-b56b-4440-b9bc-102abd600b23","4fa568af-136c-4b61-982c-ec428e9f9072"
"Person","John Grant",,,,"819d45d8-b56b-4440-b9bc-102abd600b23","36ee117e-f873-4940-bd2c-cd2925e66ae3"
"Person","Annandale",,,,"819d45d8-b56b-4440-b9bc-102abd600b23","a1ddc9e4-2d69-4e57-89eb-daf7c1f91288"
"Person","R. Jevon",,,,"819d45d8-b56b-4440-b9bc-102abd600b23","a8d1e85b-87f6-4aae-a8ee-e47055b82086"
"Person","George Middleton",,,,"819d45d8-b56b-4440-b9bc-102abd600b23","1708189f-860d-44d9-9258-0f8c97391e69"
"Person","John Locke",,,,"819d45d8-b56b-4440-b9bc-102abd600b23","6574f146-72d8-4a9e-8399-5325fcc624f3"
"Person","Thomas Davidson",,,,"819d45d8-b56b-4440-b9bc-102abd600b23","b994a9b7-07f1-414b-bc5f-6763b55659e5"
"Person","Argyll",,,,"819d45d8-b56b-4440-b9bc-102abd600b23","56541097-2284-46e0-be3d-4246aefe0c8c"
"Person","George Henry",,,,"819d45d8-b56b-4440-b9bc-102abd600b23","36f4d6d6-1f61-48ce-9d94-676794316b4b"
"Person","Raith",,,,"819d45d8-b56b-4440-b9bc-102abd600b23","300391c5-56c5-4c7e-9dd6-0d48630f1726"
"Person","Edward Hungerford",,,,"819d45d8-b56b-4440-b9bc-102abd600b23","18507ec6-3e6f-4a0c-a811-f2c516385558"
"Person","Mr. Bellott",,,,"819d45d8-b56b-4440-b9bc-102abd600b23","c059f674-2d5f-44ec-b8bc-4f628b92f054"
"Person","Anne Ferrers",,,,"819d45d8-b56b-4440-b9bc-102abd600b23","3a9a0566-10c8-4a4d-b93a-8109a1fb9b5f"
"Person","William McKay",,,,"819d45d8-b56b-4440-b9bc-102abd600b23","404a71f4-8127-4a13-b2d3-88ebb28d4f0d"
"Person","John Chapel",,,,"819d45d8-b56b-4440-b9bc-102abd600b23","72febb9f-6dcc-48e6-b2cd-5fd2604b4694"
"Person","Countess Mar",,,,"819d45d8-b56b-4440-b9bc-102abd600b23","3c4a4a96-9eca-4069-8da0-d04dc9738e4b"
"Person","Bishop of Glasgow",,,,"819d45d8-b56b-4440-b9bc-102abd600b23","600bd3e5-100a-4265-b00f-29f4969ed997"
"Person","Katherine Melville",,,,"819d45d8-b56b-4440-b9bc-102abd600b23","cb3ee49c-0bd4-4595-88c3-708913099057"
"Person","Andrew Kennedy",,,,"819d45d8-b56b-4440-b9bc-102abd600b23","2e57ab6a-6924-488b-9742-adfc8e2bdf95"
"Person","William Fullerton",,,,"819d45d8-b56b-4440-b9bc-102abd600b23","fa445e6c-d28c-4478-aa12-721411c4b1c2"
"Person","Melville",,,,"819d45d8-b56b-4440-b9bc-102abd600b23","0b55da92-ed12-4946-a58a-e9e4ebbc3fdc"
"Person","David Masham",,,,"819d45d8-b56b-4440-b9bc-102abd600b23","63d7b2a5-0a6c-41ee-85ed-d444bd5a4a5c"
"Person","Rupert Billingsley",,,,"819d45d8-b56b-4440-b9bc-102abd600b23","9209342b-1a26-4ca8-b299-f50222b82e43"
"Person","McDougal of Dunolych",,,,"819d45d8-b56b-4440-b9bc-102abd600b23","73e9f0ee-3551-4f97-91c9-c75a6894bf98"
"Person","Schomberg",,,,"819d45d8-b56b-4440-b9bc-102abd600b23","32323303-96b2-4601-8f56-7d0439e3c8a0"
"Person","John Erskine",,,,"819d45d8-b56b-4440-b9bc-102abd600b23","78daea5e-8fc0-4a28-a88f-b27175bd8b9b"
"Person","Duchess of Hamilton",,,,"819d45d8-b56b-4440-b9bc-102abd600b23","bd1090b3-01c5-4fba-afb5-2c972382a9fe"
"Person","John Underwood",,,,"819d45d8-b56b-4440-b9bc-102abd600b23","dc7ea461-53fa-4ecc-93d7-3e1b3fab909e"
"Person","John Trotter",,,,"819d45d8-b56b-4440-b9bc-102abd600b23","8cb868a8-5f6b-400f-ac39-d3942ec9ff3c"
"Person","J. C. Dumfries",,,,"819d45d8-b56b-4440-b9bc-102abd600b23","ec4967d4-078a-48b0-9b68-99af6e84b440"
"Person","Servant, Lord Drummond",,,,"819d45d8-b56b-4440-b9bc-102abd600b23","8d28f1e0-0d5e-4de8-a5cb-c83d499d56d7"
"Person","Robert Brotherson",,,,"819d45d8-b56b-4440-b9bc-102abd600b23","a1738420-d6fb-44de-b088-6ca412e1c170"
"Person","Marie Macdonald",,,,"819d45d8-b56b-4440-b9bc-102abd600b23","e76362c1-81b3-4d69-89f8-7bdba71b9a08"
"Person","D'Allone",,,,"819d45d8-b56b-4440-b9bc-102abd600b23","1f29de07-3870-4d41-89cf-590ec55986e6"
"Person","Gilbert Rule",,,,"819d45d8-b56b-4440-b9bc-102abd600b23","bc1ca089-f3a8-42b6-b247-112c3c07152b"
"Person","Billingsley",,,,"819d45d8-b56b-4440-b9bc-102abd600b23","e59128da-8dc0-4ed0-92de-d2fb411c774b"
"Person","Bishop of Aberdeen",,,,"819d45d8-b56b-4440-b9bc-102abd600b23","5e43e7cc-f42d-4348-878d-f724554fd729"
"Person","Alice Smith",,,,"819d45d8-b56b-4440-b9bc-102abd600b23","5fdd627a-cd59-4022-b7b0-6b9e7134682b"
"Person","George Simpson",,,,"819d45d8-b56b-4440-b9bc-102abd600b23","10493810-ce95-4245-98fd-cf73865c6a28"
"Person","Bishop of Salisbury",,,,"819d45d8-b56b-4440-b9bc-102abd600b23","24e8603c-77a2-4147-9a0c-3707dd14da2b"
"Person","John Atchinson",,,,"819d45d8-b56b-4440-b9bc-102abd600b23","3bc98785-9918-4f14-873f-970d6f8c17f9"
"Person","William Stirling",,,,"819d45d8-b56b-4440-b9bc-102abd600b23","107890a5-c377-41c6-8c78-8bc90bf18080"
"Person","Denham",,,,"819d45d8-b56b-4440-b9bc-102abd600b23","d35ea545-b412-4c4d-a56f-4ef7349f9a7a"
"Person","George Mackenzie",,,,"819d45d8-b56b-4440-b9bc-102abd600b23","3c7461dd-c150-4f5b-a412-0aac6667557a"
"Person","D. Bellot",,,,"819d45d8-b56b-4440-b9bc-102abd600b23","9eeee59a-24f7-402e-9d86-b52df94270b6"
"Person","Fran Phillips",,,,"819d45d8-b56b-4440-b9bc-102abd600b23","450454bc-d343-4053-aeb2-86ab00353dee"
"Person","Alexander Strachan",,,,"819d45d8-b56b-4440-b9bc-102abd600b23","52e9913d-8fd7-4775-996d-0b51225e4517"
"Person","Robert Lundie",,,,"819d45d8-b56b-4440-b9bc-102abd600b23","9971900d-31f5-4361-917d-963d176e6490"
"Person","John Munro",,,,"819d45d8-b56b-4440-b9bc-102abd600b23","8445bb5c-13a5-4ce2-81a2-1408e2d12044"
"Person","Captain Coult",,,,"819d45d8-b56b-4440-b9bc-102abd600b23","eba42d73-6efe-4481-a94d-267420ef95b3"
"Person","Schwerin",,,,"819d45d8-b56b-4440-b9bc-102abd600b23","504f48ac-b6b6-4988-8401-4434fdcd2eac"
"Person","J. Bourdenane",,,,"819d45d8-b56b-4440-b9bc-102abd600b23","3f8eba39-9200-4229-97e9-06e15bc88be5"
"Person","Countess of Wemyss",,,,"819d45d8-b56b-4440-b9bc-102abd600b23","411272e5-df71-4eca-8060-af02a2ea41fd"
"Person","Robert Gordon",,,,"819d45d8-b56b-4440-b9bc-102abd600b23","9275ac09-02a5-4300-a63e-179ecd3d94dc"
"Person","David Burnet",,,,"819d45d8-b56b-4440-b9bc-102abd600b23","688df1dc-f6a6-42f4-aece-87d1e7b600c3"
"Person","Thomas Burnett",,,,"819d45d8-b56b-4440-b9bc-102abd600b23","8991be47-f9f2-49b1-892e-1469e131e839"
"Person","Duchess Queensberry",,,,"819d45d8-b56b-4440-b9bc-102abd600b23","8bd4a1b7-84b8-4707-9a11-b8ef41c76b6c"
"Person","Clare",,,,"819d45d8-b56b-4440-b9bc-102abd600b23","f8dcb971-48bd-4e22-8b85-557f64720adf"
"Person","King William",,,,"819d45d8-b56b-4440-b9bc-102abd600b23","3ad03413-7968-4e9e-97d9-67f379b665d7"
"Person","Robert Fleming",,,,"819d45d8-b56b-4440-b9bc-102abd600b23","d1f06707-0a63-4c53-9ca5-c90c796b4714"
"Person","William Crawford",,,,"819d45d8-b56b-4440-b9bc-102abd600b23","19c294b8-0f35-41d8-9faa-229701cb39b4"
"Person","Thomas Husband",,,,"819d45d8-b56b-4440-b9bc-102abd600b23","3789ab03-25e0-447a-8d55-b339b49f201a"
"Person","Dunbar of Grange",,,,"819d45d8-b56b-4440-b9bc-102abd600b23","e992d05b-41e6-46ef-a581-d1caab05908e"
"Person","D.C.",,,,"819d45d8-b56b-4440-b9bc-102abd600b23","c396a486-961c-4e37-aada-d3c0d8a51ffc"
"Person","Ross",,,,"819d45d8-b56b-4440-b9bc-102abd600b23","61d5b73b-2550-4048-98e5-44640e509cd3"
"Person","E.J.",,,,"819d45d8-b56b-4440-b9bc-102abd600b23","ad97d0db-87e1-4f20-9506-8a8542dfe7c4"
"Person","Gabriel Cunningham",,,,"819d45d8-b56b-4440-b9bc-102abd600b23","177d4aa0-dc47-4ad9-8a2c-bae7627e3b02"
"Person","W. Annan",,,,"819d45d8-b56b-4440-b9bc-102abd600b23","607228ce-184c-48c5-a6e0-af679d4f7044"
"Person","James Johnston",,,,"819d45d8-b56b-4440-b9bc-102abd600b23","867a5499-ce31-4ef9-9e88-6d997c7b013a"
"Person","James Stewart",,,,"819d45d8-b56b-4440-b9bc-102abd600b23","70dc1045-0401-4af8-8f60-1edf36ca7354"
"Person","Doctor Fall",,,,"819d45d8-b56b-4440-b9bc-102abd600b23","15476b95-21bc-497f-9417-4359a99ba68c"
"Person","William Mein",,,,"819d45d8-b56b-4440-b9bc-102abd600b23","3c9978cf-f10d-4038-9fd6-01da9a82bc3d"
"Person","J. B.",,,,"819d45d8-b56b-4440-b9bc-102abd600b23","6e232e30-8d10-4343-a1c7-31bca0004e0c"
"Person","Madam de Schomberg",,,,"819d45d8-b56b-4440-b9bc-102abd600b23","dd1fe205-1e5b-4094-bec2-3363b268e092"
"Person","John Chetwynd",,,,"819d45d8-b56b-4440-b9bc-102abd600b23","e0eeb959-6b20-42e7-b6b7-fd89e4f6fdd0"
"Person","A. McDougall",,,,"819d45d8-b56b-4440-b9bc-102abd600b23","ca713f67-5c5a-492a-a9e9-60a6fd943113"
"Person","Johnston",,,,"819d45d8-b56b-4440-b9bc-102abd600b23","5ef176c9-c283-42d2-be59-0addbad291b9"
"Person","Tullibardine",,,,"819d45d8-b56b-4440-b9bc-102abd600b23","e56db275-e221-4d27-b94d-bcb0ac90b422"
"Person","Anstruther",,,,"819d45d8-b56b-4440-b9bc-102abd600b23","1eae46a3-9fba-4dca-8072-0c8b31968ccb"
"Person","Robert Webb",,,,"819d45d8-b56b-4440-b9bc-102abd600b23","2954a0a8-1c82-4ced-bdc8-c66884f69919"
"Person","A. I. Munro",,,,"819d45d8-b56b-4440-b9bc-102abd600b23","c06bfa01-dc03-4959-b6cf-58f3c67ae323"
"Person","John Drummond",,,,"819d45d8-b56b-4440-b9bc-102abd600b23","18a3b35e-e3d2-4ddf-8d52-3a5e30551d6b"
"Person","Bellenden",,,,"819d45d8-b56b-4440-b9bc-102abd600b23","cc0913d0-8bbe-4396-8802-2965d3f43f18"
"Person","E. Lake",,,,"819d45d8-b56b-4440-b9bc-102abd600b23","73f8994a-c3cb-48c7-abfc-7863f9c0ef44"
"Person","Commanding Officer, Edinburgh Castle",,,,"819d45d8-b56b-4440-b9bc-102abd600b23","69b9daa0-64b7-4d9b-9cfb-425f6e21c291"
"Person","Mr. Davgall Campbell",,,,"819d45d8-b56b-4440-b9bc-102abd600b23","76f4bcab-5b03-41aa-a4c9-2655c29983b6"
"Person","George Pringle",,,,"819d45d8-b56b-4440-b9bc-102abd600b23","5562ad4c-1811-4a10-b1d9-0ec6b51fde46"
"Person","Robert Lloyd",,,,"819d45d8-b56b-4440-b9bc-102abd600b23","04cfa5fd-db65-4bd5-9df6-351c6ecb2d04"
"Person","Langton",,,,"819d45d8-b56b-4440-b9bc-102abd600b23","1205f496-1a7e-4dce-843d-b628c21d8cba"
"Person","Robert Murray",,,,"819d45d8-b56b-4440-b9bc-102abd600b23","50b771a2-a9ad-4434-8321-79a580ed1b87"
"Person","Peter McCulloch",,,,"819d45d8-b56b-4440-b9bc-102abd600b23","a004338a-3241-4e57-840a-157e2999b97d"
"Person","J. Macleane",,,,"819d45d8-b56b-4440-b9bc-102abd600b23","43bd53aa-4796-4396-af29-7bbf960553c8"
"Person","Carstares",,,,"819d45d8-b56b-4440-b9bc-102abd600b23","4b222e20-129a-442f-9329-68bca49cb8d9"
"Person","Mrs. Stuart",,,,"819d45d8-b56b-4440-b9bc-102abd600b23","416cee4f-8061-45e2-be91-89ec152adf64"
"Person","Roderick MacKenzie",,,,"819d45d8-b56b-4440-b9bc-102abd600b23","211dd029-07d4-4089-acee-53c6d07c8fe0"
"Person","Andrew Brown",,,,"819d45d8-b56b-4440-b9bc-102abd600b23","47dfda74-3078-4019-8ff4-a8cd400e9b46"
"Person","James Winchester",,,,"819d45d8-b56b-4440-b9bc-102abd600b23","ff7250e2-aba8-4db4-b3c2-b21b3bf00c55"
"Person","Mr. Graham",,,,"819d45d8-b56b-4440-b9bc-102abd600b23","c2b61599-1946-4544-8b09-9778f4b56c1a"
"Person","John [Kirk]",,,,"819d45d8-b56b-4440-b9bc-102abd600b23","4a054082-92d1-47eb-bd53-3f6361760201"
"Person","Alexander Hamilton",,,,"819d45d8-b56b-4440-b9bc-102abd600b23","60149e32-aa38-4539-975a-a2aada17d34f"
"Person","J. Parker",,,,"819d45d8-b56b-4440-b9bc-102abd600b23","0296f03a-2f5b-4272-9eab-528c367efd16"
"Person","Lady Margaret Hope",,,,"819d45d8-b56b-4440-b9bc-102abd600b23","28a2f6b9-525f-42b0-aaad-331cec41e9c7"
"Person","John V",,,,"819d45d8-b56b-4440-b9bc-102abd600b23","dfee29b5-f78d-460c-b2e4-27c016ed849e"
"Person","Patrick Chalmers",,,,"819d45d8-b56b-4440-b9bc-102abd600b23","6ab46fde-02de-40a3-b1f1-810d6d8322c6"
"Person","Nottingham",,,,"819d45d8-b56b-4440-b9bc-102abd600b23","dba41d0b-260a-4732-bf80-25098071f527"
"Person","Campbell of Auchenbreck",,,,"819d45d8-b56b-4440-b9bc-102abd600b23","ab4345a7-eeb6-41da-93c9-908101d04f7e"
"Person","John Anderson",,,,"819d45d8-b56b-4440-b9bc-102abd600b23","da506ef0-ccf5-462f-a672-9d618b5b20d0"
"Person","Lady Anne Spencer",,,,"819d45d8-b56b-4440-b9bc-102abd600b23","d0a6ff6f-7061-4816-8980-97191c5aea25"
"Person","Fraser of Brae",,,,"819d45d8-b56b-4440-b9bc-102abd600b23","0ad26035-9cf5-454c-9998-af2992402b82"
"Person","Henry Balfour",,,,"819d45d8-b56b-4440-b9bc-102abd600b23","c33fa772-e78c-4fbd-9102-6efe3f74d1a7"
"Person","James Nisbet",,,,"819d45d8-b56b-4440-b9bc-102abd600b23","aa9359c4-5152-4aa6-b858-4c4dc2c21537"
"Person","W. Chetwynd",,,,"819d45d8-b56b-4440-b9bc-102abd600b23","ba4d8f74-0db7-48ba-99ae-3f65b57b6bd3"
"Person","John Laing",,,,"819d45d8-b56b-4440-b9bc-102abd600b23","f9958175-e21d-41a8-bd21-2a8aa141e8d3"
"Person","George Clerk",,,,"819d45d8-b56b-4440-b9bc-102abd600b23","3687d52b-423f-4d63-8c4d-d99ded0de7dd"
"Person","John Clark",,,,"819d45d8-b56b-4440-b9bc-102abd600b23","e17a80d3-51fd-47f0-b17c-0ac1715f5c2d"
"Person","John Moncrieff",,,,"819d45d8-b56b-4440-b9bc-102abd600b23","61b8ec24-ead6-485a-be97-0b3bf72a1841"
"Person","Queen Mary",,,,"819d45d8-b56b-4440-b9bc-102abd600b23","9b0a33f4-c002-47c1-b224-c95e0f15d8e0"
"Person","J. Duncan",,,,"819d45d8-b56b-4440-b9bc-102abd600b23","89441491-8751-40bd-afd5-c7ff2c85a101"
"Person","James Marshall",,,,"819d45d8-b56b-4440-b9bc-102abd600b23","54b0fab2-d4d1-4a9f-b1b7-a0322be12324"
"Person","Douglas",,,,"819d45d8-b56b-4440-b9bc-102abd600b23","f5eecbab-c1cb-47a0-9877-d1217a910c4f"
"Person","Countess of Leven",,,,"819d45d8-b56b-4440-b9bc-102abd600b23","d6ba9e73-a3c4-4cb5-8f51-3d3e239e957d"
"Person","P. Muirhead",,,,"819d45d8-b56b-4440-b9bc-102abd600b23","838b4198-cfd1-4221-b59f-7b8948797acd"
"Person","Lt. Col. Wilson",,,,"819d45d8-b56b-4440-b9bc-102abd600b23","c58cdb00-1bac-4062-86b2-37857b815748"
"Person","Charles Fielding",,,,"819d45d8-b56b-4440-b9bc-102abd600b23","5cc7e05c-bbb5-4e1d-9e34-2a6564a7498a"
"Person","John Stewart",,,,"819d45d8-b56b-4440-b9bc-102abd600b23","70b2e9c6-4e57-4f1e-bee3-67fca2434e1f"
"Person","Lundy",,,,"819d45d8-b56b-4440-b9bc-102abd600b23","5af0ed11-e381-4205-8260-a3739452648a"
"Person","Colin Mackenzie",,,,"819d45d8-b56b-4440-b9bc-102abd600b23","e95fe752-74f1-4cf4-833e-afe7b0b61015"
"Person","Leven",,,,"819d45d8-b56b-4440-b9bc-102abd600b23","90a140c9-a62d-420b-bbad-b64672af4467"
"Person","Elliot",,,,"819d45d8-b56b-4440-b9bc-102abd600b23","0b0525ba-b6a9-49db-8c6f-35d69eff44d6"
"Person","Portland",,,,"819d45d8-b56b-4440-b9bc-102abd600b23","d6af1c94-6eee-42c7-80da-53930b0e3946"
"Person","James Dalrymple",,,,"819d45d8-b56b-4440-b9bc-102abd600b23","6a330c9e-ecb4-46bd-b8ec-44871a8282c2"
"Person","Robert Darloe",,,,"819d45d8-b56b-4440-b9bc-102abd600b23","ec1e573b-87ed-42c4-8e83-2223f3a9d623"
"Person","Edmund Sawtell",,,,"819d45d8-b56b-4440-b9bc-102abd600b23","a8a47e5e-d6e9-4c86-9f12-eeedac515bea"
"Person","Marlborough",,,,"819d45d8-b56b-4440-b9bc-102abd600b23","c018e509-2718-49cd-8895-27fc2d174655"
"Person","Mary Caren",,,,"819d45d8-b56b-4440-b9bc-102abd600b23","6237db19-e1a4-4206-9b83-f5c867eb1144"
"Person","Lindsay",,,,"819d45d8-b56b-4440-b9bc-102abd600b23","c13c6220-e75a-4f7f-9cd0-647b8cddcd05"
"Person","Colonel Balfour",,,,"819d45d8-b56b-4440-b9bc-102abd600b23","6272f792-2218-435b-8498-e17affed4eb1"
"Person","Walter Cornwall",,,,"819d45d8-b56b-4440-b9bc-102abd600b23","62555c65-fefc-4c86-bc98-92605943506c"
"Person","Dudley Vanbrugh",,,,"819d45d8-b56b-4440-b9bc-102abd600b23","e3bb9f77-fe4a-4cf5-9ae5-bc52199fc4bc"
"Person","Lockhart",,,,"819d45d8-b56b-4440-b9bc-102abd600b23","6938d2fc-9fae-4ec7-b796-2fa16b764e00"
"Person","James Hay",,,,"819d45d8-b56b-4440-b9bc-102abd600b23","bcf003bf-c607-48bc-b849-e3b315fdef63"
"Person","Countess Perth",,,,"819d45d8-b56b-4440-b9bc-102abd600b23","bf02b24f-ac84-438d-908e-14f565fc0557"
"Person","W. Livingston",,,,"819d45d8-b56b-4440-b9bc-102abd600b23","a016859d-5ac6-4af5-b13d-8eb8f2caa33d"
"Person","Mrs. Lockhart",,,,"819d45d8-b56b-4440-b9bc-102abd600b23","424612a9-dc38-49e6-801c-b607c583e9c1"
"Person","Anthony Hungerford",,,,"819d45d8-b56b-4440-b9bc-102abd600b23","89b80536-6674-456b-a0d0-a92f1954dc91"
"Person","Adam Johnston",,,,"819d45d8-b56b-4440-b9bc-102abd600b23","7df78cd4-3cac-4d67-8087-e7af82d1e7ad"
"Person","Representative of Andrew Anderson",,,,"819d45d8-b56b-4440-b9bc-102abd600b23","a7949518-2094-464c-8839-71d6aacd179c"
"Person","W. Fanshawe",,,,"819d45d8-b56b-4440-b9bc-102abd600b23","644fe1ac-e56e-457b-a3e1-80444b46f36e"
"Person","Elizabeth Barker",,,,"819d45d8-b56b-4440-b9bc-102abd600b23","ea3df42a-245d-4965-bfbd-499aff54db8b"
"Person","Melfort",,,,"819d45d8-b56b-4440-b9bc-102abd600b23","6421c452-2f83-48d4-9f02-0cb729e906f2"
"Person","J. Hay",,,,"819d45d8-b56b-4440-b9bc-102abd600b23","c300f069-88ca-4d59-934e-24f5919bb30f"
"Person","Countess of Sunderland",,,,"819d45d8-b56b-4440-b9bc-102abd600b23","f7a5cf63-5d35-4915-aa12-e790b977adf3"
"Person","William Cleland",,,,"819d45d8-b56b-4440-b9bc-102abd600b23","9f63df51-99d1-4f6c-9b89-b67ac218c18a"
"Person","Alexander Munro",,,,"819d45d8-b56b-4440-b9bc-102abd600b23","473251dc-d983-4622-a024-c59f06c062bf"
"Person","McLean",,,,"819d45d8-b56b-4440-b9bc-102abd600b23","42cd0d7c-46b1-4c80-9c4c-cb293667396f"
"Person","Mr. Robert Kinearre",,,,"819d45d8-b56b-4440-b9bc-102abd600b23","34506e50-3ab2-420e-bb1a-26c99cc5c0e5"
"Person","Commissioner of the Treasury",,,,"819d45d8-b56b-4440-b9bc-102abd600b23","f518b780-be33-4982-92f4-9e8041a6cef8"
"Person","Eglinton",,,,"819d45d8-b56b-4440-b9bc-102abd600b23","c3d4355a-ff70-4972-95c5-3b96f839b766"
"Person","Charles Erskine",,,,"819d45d8-b56b-4440-b9bc-102abd600b23","1bc10063-39cf-43d0-92ca-c8d548a16b3d"
"Person","McLean of Duart",,,,"819d45d8-b56b-4440-b9bc-102abd600b23","a7c2a570-b4a0-42dd-8d39-1203d7bd25b1"
"Person","Alexander McLean",,,,"819d45d8-b56b-4440-b9bc-102abd600b23","abf18349-fbf9-4e7a-9ec0-aa0b37329ad2"
"Person","William Tillyduff",,,,"819d45d8-b56b-4440-b9bc-102abd600b23","1f5126e3-d5c5-4546-99d5-14fb13f0e74e"
"Person","Skelmorlie",,,,"819d45d8-b56b-4440-b9bc-102abd600b23","0951ba22-506a-481c-92b5-e58f13c39075"
"Person","McNaughton, younger",,,,"819d45d8-b56b-4440-b9bc-102abd600b23","8f23d878-82da-4153-a923-c034f892b59c"
"Person","Alexander Stewart",,,,"819d45d8-b56b-4440-b9bc-102abd600b23","09b3caa2-f25f-48cd-91bb-eb3c8b38af36"
"Person","John Wildman",,,,"819d45d8-b56b-4440-b9bc-102abd600b23","442dd666-eb98-4182-88f4-3a9f45a607af"
"Person","Ester de Varengeville",,,,"819d45d8-b56b-4440-b9bc-102abd600b23","1a232258-cbbc-4923-a617-7b6c2f99e44b"
"Person","James Williamson",,,,"819d45d8-b56b-4440-b9bc-102abd600b23","85fe8d8a-fec8-44d8-bc04-93735f203f5c"
"Person","D. McDonald",,,,"819d45d8-b56b-4440-b9bc-102abd600b23","ed7fa946-955a-43c8-9c57-0ae69761c144"
"Person","John Summerville",,,,"819d45d8-b56b-4440-b9bc-102abd600b23","3eff23d0-d11d-403e-899b-b3090a832139"
"Person","F. K.",,,,"819d45d8-b56b-4440-b9bc-102abd600b23","d559780a-1824-4347-a66c-a5dbfc122b5a"
"Person","John Baillie",,,,"819d45d8-b56b-4440-b9bc-102abd600b23","db6d766e-9e3c-4aba-9b5e-d5551663ba76"
"Person","Alexander Dunbar",,,,"819d45d8-b56b-4440-b9bc-102abd600b23","ab4ae8f8-ee5b-4bac-8df8-d24030cef5c2"
"Person","James Foulis",,,,"819d45d8-b56b-4440-b9bc-102abd600b23","e1af0b23-4b13-4b1f-aada-b0669e189406"
"Person","John Caldwell",,,,"819d45d8-b56b-4440-b9bc-102abd600b23","69739299-43f8-46cb-a09b-44115d274b6a"
"Person","George Skirving",,,,"819d45d8-b56b-4440-b9bc-102abd600b23","fb1c3d0f-3be7-4c65-9a68-e888605ed693"
"Person","H. Peyre",,,,"819d45d8-b56b-4440-b9bc-102abd600b23","d6ceb58b-84ef-407f-af66-481b169d6303"
"Person","Alexander Bruce",,,,"819d45d8-b56b-4440-b9bc-102abd600b23","09e9af30-262f-4416-91ac-347f570a8dbf"
"Person","Andrew Steedman",,,,"819d45d8-b56b-4440-b9bc-102abd600b23","8d8fb3a5-e02d-4dce-87c1-79d0ed7bed09"
"Person","Linlithgow",,,,"819d45d8-b56b-4440-b9bc-102abd600b23","bf9d1bb7-a8bb-4ed7-a8f5-f81ed50d848e"
"Person","William Fuller",,,,"819d45d8-b56b-4440-b9bc-102abd600b23","985cbf7a-4dd5-4c1e-94b9-d9d75661d190"
"Person","Mathew Bridge",,,,"819d45d8-b56b-4440-b9bc-102abd600b23","231815f5-8a7d-4945-8aff-8dff02364819"
"Person","Alexander Smith",,,,"819d45d8-b56b-4440-b9bc-102abd600b23","a15c8dd1-2d26-4272-8e18-4bd7a8f29158"
"Person","J. Young",,,,"819d45d8-b56b-4440-b9bc-102abd600b23","4afadd85-9842-45d7-985f-58660b2f988e"
"Person","Countess Melville",,,,"819d45d8-b56b-4440-b9bc-102abd600b23","44357e67-9873-4b02-bb7a-a0e2a429c38e"
"Person","Peter Leith",,,,"819d45d8-b56b-4440-b9bc-102abd600b23","5fe78b5d-3d64-4cf9-ab71-0d0719b2ac88"
"Person","Hamilton",,,,"819d45d8-b56b-4440-b9bc-102abd600b23","d35060fe-af98-4b3f-b4cb-2e71bea6b1ae"
"Person","Countess of Cassillis",,,,"819d45d8-b56b-4440-b9bc-102abd600b23","db1f069f-df8d-478e-bc5a-736014d83b6c"
"Person","David Graham",,,,"819d45d8-b56b-4440-b9bc-102abd600b23","d1544878-6f99-4f83-a094-4ac82d2aea87"
"Person","Viscount Bolingbroke",,,,"819d45d8-b56b-4440-b9bc-102abd600b23","c49a01a8-b775-4ec5-a11d-b426c5a6ac8e"
"Person","Colin Campbell",,,,"819d45d8-b56b-4440-b9bc-102abd600b23","3e61846d-d79e-4e1b-8d82-bb0f438cc48f"
"Person","J. Deverell",,,,"819d45d8-b56b-4440-b9bc-102abd600b23","e0d13f7b-b478-4019-a23d-f18624d667d4"
"Person","Regent of College of Glasgow",,,,"819d45d8-b56b-4440-b9bc-102abd600b23","718e1b29-44b2-414e-b069-13e072c83144"
"Person","John McCulloch",,,,"819d45d8-b56b-4440-b9bc-102abd600b23","d28dd11d-78db-4190-a5ce-6bddead66e53"
"Person","James Kilpatrick",,,,"819d45d8-b56b-4440-b9bc-102abd600b23","332be5fc-589a-4188-8acb-dfe5604ea045"
"Person","James Coltart",,,,"819d45d8-b56b-4440-b9bc-102abd600b23","a34fa0be-19b0-4199-a943-ddb6e7fffa70"
"Person","Shrewsberry",,,,"819d45d8-b56b-4440-b9bc-102abd600b23","e518ef11-e2cb-49f8-b974-898388ee8c79"
"Person","Mr. Seargent Birch",,,,"819d45d8-b56b-4440-b9bc-102abd600b23","e2c9154f-273d-4364-9b15-1ccfce048611"
"Person","David Nairn",,,,"819d45d8-b56b-4440-b9bc-102abd600b23","97390e33-2612-4668-84c1-2464a84f2464"
"Person","Perth",,,,"819d45d8-b56b-4440-b9bc-102abd600b23","b0147f1e-52b7-46b0-aa4b-657b587c15fd"
"Person","Samuel Mackay",,,,"819d45d8-b56b-4440-b9bc-102abd600b23","58ad4ff8-8d39-4459-bab9-16483e3c5879"
"Person","Thomas",,,,"819d45d8-b56b-4440-b9bc-102abd600b23","86f72925-23cc-48e5-aad0-9c5860f2863a"
"Person","Lothian",,,,"819d45d8-b56b-4440-b9bc-102abd600b23","4fc0ccec-5b6d-458d-9b02-2838e8c2a48b"
"Person","Forfar",,,,"819d45d8-b56b-4440-b9bc-102abd600b23","64a3aa54-976a-45d0-89ed-33c06826a819"
"Person","V. de Vallace",,,,"819d45d8-b56b-4440-b9bc-102abd600b23","655fac76-465f-4f79-a583-b01d85cedfc6"
"Person","Blantyre",,,,"819d45d8-b56b-4440-b9bc-102abd600b23","c314be3a-5596-423e-ae69-d0e59088f196"
"Person","Arran",,,,"819d45d8-b56b-4440-b9bc-102abd600b23","e8b02d95-be78-43e3-aa78-948e459cd9fe"
"Person","W. J.",,,,"819d45d8-b56b-4440-b9bc-102abd600b23","9c17e756-79d2-493c-9735-30f23e630560"
"Person","Queensberry",,,,"819d45d8-b56b-4440-b9bc-102abd600b23","c653d85a-0152-47b2-9d2b-c31ace375f0c"
"Person","J. Ribault",,,,"819d45d8-b56b-4440-b9bc-102abd600b23","21d6b363-7947-4481-85a4-d07183ece9bb"
"Person","M. Fearn",,,,"819d45d8-b56b-4440-b9bc-102abd600b23","dbb9fbda-d19f-4d45-895e-c7798b3d7b88"
"Person","Lie. Col. John Buchan",,,,"819d45d8-b56b-4440-b9bc-102abd600b23","f94c7b7a-a3a1-48a9-bcf6-af0ce1d20572"
"Person","Mrs. Munro",,,,"819d45d8-b56b-4440-b9bc-102abd600b23","dcb84886-6b76-4cf8-a60f-617a9c316227"
"Person","P. Murray",,,,"819d45d8-b56b-4440-b9bc-102abd600b23","5e9da2aa-2bb2-4b2b-8ec9-223efab87236"
"Person","J. Bunteine",,,,"819d45d8-b56b-4440-b9bc-102abd600b23","c3020910-f18b-4e5e-bbed-c83481b94c46"
"Person","Ranelagh",,,,"819d45d8-b56b-4440-b9bc-102abd600b23","f2acfc21-9d42-414c-8699-7b39d8aaeddb"
"Person","Anderson of Dowhill",,,,"819d45d8-b56b-4440-b9bc-102abd600b23","edb8d661-5185-4a22-82ed-ed444e9ddea2"
"Person","James Ogilvie",,,,"819d45d8-b56b-4440-b9bc-102abd600b23","d4c2bf0e-9bec-465d-911b-53addfb63c39"
"Person","Cornet James Crawford",,,,"819d45d8-b56b-4440-b9bc-102abd600b23","c2346313-0a11-40a5-bd0a-389c23a1986c"
"Person","Major General Kirk",,,,"819d45d8-b56b-4440-b9bc-102abd600b23","ab055972-bca1-4a1a-91a1-4cf6c028c97a"
"Person","John Buchan",,,,"819d45d8-b56b-4440-b9bc-102abd600b23","05d6732f-38b7-4078-908a-69d3be6bcc6c"
"Person","Mrs. Tylor",,,,"819d45d8-b56b-4440-b9bc-102abd600b23","6290ad31-5776-4dce-9630-2742a5326b4b"
"Person","King James",,,,"819d45d8-b56b-4440-b9bc-102abd600b23","b550cdd1-7f1d-4332-8fc1-b31c62a7ad11"
"Person","Dundonald",,,,"819d45d8-b56b-4440-b9bc-102abd600b23","48151551-ecc8-4dc3-910f-0f7236cad90c"
"Person","Thomas Moncrieff",,,,"819d45d8-b56b-4440-b9bc-102abd600b23","8dc5f561-3893-4ece-b5dd-960c2ca6ee25"
"Person","Dundee",,,,"819d45d8-b56b-4440-b9bc-102abd600b23","1bedf365-ada4-40b1-8966-9f5cd3b02999"
"Person","Martha Ward",,,,"819d45d8-b56b-4440-b9bc-102abd600b23","c924580d-844b-425e-a450-4d78898cfd0a"
"Person","William Hamilton",,,,"819d45d8-b56b-4440-b9bc-102abd600b23","39bfd032-17a0-4591-9a50-b04ba6d70669"
"Person","Gilbert Burnet",,,,"819d45d8-b56b-4440-b9bc-102abd600b23","a978b992-4a0c-4cb7-8bac-cf398273e253"
"Person","James McAnrias, D.D.",,,,"819d45d8-b56b-4440-b9bc-102abd600b23","68db5138-8522-41c0-8025-721645205f74"
"Person","Aeneas McPherson",,,,"819d45d8-b56b-4440-b9bc-102abd600b23","fa11836a-2f9a-4315-b67d-af0c708d7f16"
"Person","Lady Elizabeth Clancarty",,,,"819d45d8-b56b-4440-b9bc-102abd600b23","e8863a23-697b-4152-b985-c052716f4b31"
"Person","Selkirk",,,,"819d45d8-b56b-4440-b9bc-102abd600b23","6eb7e620-4d2d-4f69-a2da-6d5ca8f719ce"
"Person","J. Pulteney",,,,"819d45d8-b56b-4440-b9bc-102abd600b23","56a2f9a4-15ee-4bb0-9667-e3601daa2b3c"
"Person","Mr. Emery",,,,"819d45d8-b56b-4440-b9bc-102abd600b23","f14b5ce1-8499-45ea-a09e-590263199d74"
"Person","J. Crawford",,,,"819d45d8-b56b-4440-b9bc-102abd600b23","cb2c54e5-d00f-4ed5-9f93-fe3cf9020066"
"Person","John Melville",,,,"819d45d8-b56b-4440-b9bc-102abd600b23","bb065868-e013-448b-b1f2-3c1dcec87243"
"Person","James Conway",,,,"819d45d8-b56b-4440-b9bc-102abd600b23","c4fbc9fd-fbc4-446b-b485-ebbb4b05c6af"
"Person","Alexander McDonald",,,,"819d45d8-b56b-4440-b9bc-102abd600b23","3d7fa9d8-a2c0-4059-82fc-057df2aab097"
"Person","James Colthart",,,,"819d45d8-b56b-4440-b9bc-102abd600b23","c78c9988-4104-44b0-9655-f8dac8793f28"
"Person","Edward Pulford",,,,"819d45d8-b56b-4440-b9bc-102abd600b23","3816fb9b-2ac4-4c81-80fb-a0b719d46109"
"Person","Lady Katherine Ranelagh",,,,"819d45d8-b56b-4440-b9bc-102abd600b23","98b71840-82d9-4b6b-b10f-1f4c852673be"
"Person","James Murray",,,,"819d45d8-b56b-4440-b9bc-102abd600b23","11f386fd-a7a9-4fb0-b74a-94148b2190d9"
"Person","Hamilton of Orbiston",,,,"819d45d8-b56b-4440-b9bc-102abd600b23","07b97c19-0749-4e9a-b8f1-c2173c2060ed"
"Person","Charles Munro",,,,"819d45d8-b56b-4440-b9bc-102abd600b23","14d6fd59-ac57-45bd-8d8d-757938cd2d4a"
"Person","Robert Rodman",,,,"819d45d8-b56b-4440-b9bc-102abd600b23","9f93757d-bb3c-4a30-9119-c0c4e05b4c84"
"Person","Pitcairn",,,,"819d45d8-b56b-4440-b9bc-102abd600b23","f2a6104b-5a07-4e41-9185-575a9f1d492e"
"Person","Robert Cunningham",,,,"819d45d8-b56b-4440-b9bc-102abd600b23","f271bb97-d989-478b-ab0a-e07e671c1e84"
"Person","I. Campbell",,,,"819d45d8-b56b-4440-b9bc-102abd600b23","b81abc86-976b-4c7d-9afb-365012cbfa8b"
"Person","David Williamson",,,,"819d45d8-b56b-4440-b9bc-102abd600b23","e3d73368-912d-4ad9-a039-31d14f7a255f"
"Person","Jane Wallace",,,,"819d45d8-b56b-4440-b9bc-102abd600b23","082f9f70-e4d7-475d-90f5-9412af05e744"
"Person","David Marshall",,,,"819d45d8-b56b-4440-b9bc-102abd600b23","0f5618a0-672a-4848-950f-2a50b10b71e2"
"Person","N.R.",,,,"819d45d8-b56b-4440-b9bc-102abd600b23","5e05910b-83a2-4c08-b7c1-3f34471c0fd6"
"Person","Katherine Polat",,,,"819d45d8-b56b-4440-b9bc-102abd600b23","07c57667-c0fd-446e-a1b5-5daef90c4b4d"
"Person","Marquis of Hamilton",,,,"819d45d8-b56b-4440-b9bc-102abd600b23","95d17c11-d09c-4d9e-9690-ff2a59273e0e"
"Person","Frank",,,,"819d45d8-b56b-4440-b9bc-102abd600b23","ec6f6eb7-9cc8-45cd-bf52-ec4cdce839b7"
"Person","H",,,,"819d45d8-b56b-4440-b9bc-102abd600b23","b7360954-313c-468d-8d5c-bb7a82d87338"
"Person","Edmund Hector",,,,"819d45d8-b56b-4440-b9bc-102abd600b23","26244dd3-802c-4e88-9baa-ee1c6b170a67"
"Person","Janet Brodie",,,,"819d45d8-b56b-4440-b9bc-102abd600b23","2748e988-7ff3-4cd7-8e7c-3d6dbf575cf0"
"Person","Cassillis",,,,"819d45d8-b56b-4440-b9bc-102abd600b23","5423c917-b39c-46ce-b989-ef6458564ae2"
"Person","Hay of Park",,,,"819d45d8-b56b-4440-b9bc-102abd600b23","e69202f8-3673-4ffc-99be-ba0b06ef428a"
"Person","Richard Beavvoir",,,,"819d45d8-b56b-4440-b9bc-102abd600b23","075b9d81-da4f-4aae-9969-95e443c44ecf"
"Person","Archibald Paton",,,,"819d45d8-b56b-4440-b9bc-102abd600b23","bfe41f58-59e3-4023-a745-7eed43b87c31"
"Person","James Hamilton",,,,"819d45d8-b56b-4440-b9bc-102abd600b23","ca1db5a9-b89e-4c51-94af-25bb54ece423"
"Person","John Small",,,,"819d45d8-b56b-4440-b9bc-102abd600b23","c1f84839-dd52-41bf-944f-264822d31fb3"
"Person","Patrick Logan",,,,"819d45d8-b56b-4440-b9bc-102abd600b23","ea88f427-45da-43b6-9bff-8e812665c634"
"Person","Hill",,,,"819d45d8-b56b-4440-b9bc-102abd600b23","ce5ac88b-be77-4c06-aaee-83d8b9f3ccc9"
"Person","Lilias Rutherford",,,,"819d45d8-b56b-4440-b9bc-102abd600b23","f84531f8-e59f-4615-9276-a1d09eb428df"
"Thing","Newsletter",,,,"155f2d48-c464-4c61-8490-3bdc211c1ec4","543473e6-5b76-4efa-a18b-c12b83965823"
"Information","Unknown",,,,"e2071463-06b6-4c28-83e6-4993d338293e","5a8bde59-4d29-45df-b466-c87584b1138a"
"Communication","Unknown",,,,"72e90b0c-6957-434f-b830-50ab1af067c4","dee32160-3989-42f1-b274-7368afc66b58"
"Place","Duart Castle",,,,"242b638c-10f4-4881-8b09-1f170afde1bb","e1c06a86-db22-49bc-996e-e6b111feeecc"
"Place","Town of Edinburgh",,,,"242b638c-10f4-4881-8b09-1f170afde1bb","8cd97764-d091-441e-adae-ea8ef04d5aa5"
"Place","Blair Castle",,,,"242b638c-10f4-4881-8b09-1f170afde1bb","e9114e12-0b2a-4608-8d21-e1835c200169"
"Place","Glasgow",,,,"242b638c-10f4-4881-8b09-1f170afde1bb","36fbaabf-ef38-49e6-b5ca-c18645a3b03b"
"Organization","Church of Scotland",,,,"fe643458-ee7a-484e-ac80-a35d48873e12","65341a23-fb27-4c2c-bb94-ca0f00be7280"
"Organization","Commissioners of Supply Lanarkshire",,,,"fe643458-ee7a-484e-ac80-a35d48873e12","23e87468-41cd-483b-9aef-99d2007bb00b"
"Organization","Scottish Parliament",,,,"fe643458-ee7a-484e-ac80-a35d48873e12","b3fea69e-b8e2-4945-9217-d529febc72cf"
"Organization","Lords of Committee for Plantations",,,,"fe643458-ee7a-484e-ac80-a35d48873e12","a747258c-a763-47ec-bdc3-16e47ffb8c90"
"Organization","Commission of the Church of Scotland",,,,"fe643458-ee7a-484e-ac80-a35d48873e12","efeb463a-25b8-43e1-9c44-ec1f4544fb21"
"Organization","Parliament",,,,"fe643458-ee7a-484e-ac80-a35d48873e12","94a6fd18-525a-4e04-a4e4-cee35be788ae"
"Organization","Council in relation to ministers",,,,"fe643458-ee7a-484e-ac80-a35d48873e12","50d87624-c101-48d9-b9bb-968532ba2022"
"Organization","Lords of Treasury",,,,"fe643458-ee7a-484e-ac80-a35d48873e12","b665dc23-17ab-412e-b3d5-8e020cf0749a"
"Organization","Bourrough of Belfast",,,,"fe643458-ee7a-484e-ac80-a35d48873e12","586131a9-89ff-4558-84f2-daaa14a650f6"
"Organization","Privy Council",,,,"fe643458-ee7a-484e-ac80-a35d48873e12","1179f9d8-9e90-4a4f-8aaf-921cb62784da"
"Organization","Church of Holland",,,,"fe643458-ee7a-484e-ac80-a35d48873e12","b82ec7c9-97f8-4e12-8400-3fa59ca47b1b"
"Organization","Synod of Aberdeen",,,,"fe643458-ee7a-484e-ac80-a35d48873e12","dfb39f08-f9d2-4bcc-a254-caca04bf6548"
"Organization","General Receivers of Cess and Inland Excise",,,,"fe643458-ee7a-484e-ac80-a35d48873e12","f9fbd963-dbac-40aa-9629-117272f0f62d"
"Organization","Convention of Estates",,,,"fe643458-ee7a-484e-ac80-a35d48873e12","1d3396e9-da63-4e84-a95e-feb4dbd0fc45"
"Organization","Town Council of Edinburgh",,,,"fe643458-ee7a-484e-ac80-a35d48873e12","1cafb729-69b4-4a37-8e16-4209d54c20d0"
"Organization","Presbytery of Kincardine",,,,"fe643458-ee7a-484e-ac80-a35d48873e12","bba45a69-386f-4c6f-90c1-3a984fdd6292"
"Unknown","Unknown",,,,"583a690e-bc77-4d96-b7e2-68a39907e241","aa25e3bc-a5a9-4cbd-9c71-65caae2e5091"
"Ship","Swallow",,,,"a340acaf-a157-48d7-9ca1-fdad031f98dc","f3a9864d-f5c9-4b78-ab41-5e302de3b869"
"Group","John Price & Richard Morris",,,,"20719add-90b9-40ab-9ceb-0dd8b1869600","c6de1041-185f-4036-9873-1bd82a5ce52f"
"Group","Parishoners of Lasswade",,,,"20719add-90b9-40ab-9ceb-0dd8b1869600","b81c5d83-e4ac-46ec-b917-1789c1a5ae7f"
"Group","Ministers, Presbytery of Aberdeen",,,,"20719add-90b9-40ab-9ceb-0dd8b1869600","37007b27-5127-4e00-b6fa-f04608936e34"
"Group","Melville & Privy Council",,,,"20719add-90b9-40ab-9ceb-0dd8b1869600","e8d0dfcc-ad66-45fd-8cf4-ac5301867058"
"Group","Officers of Dumbarton's Regiment",,,,"20719add-90b9-40ab-9ceb-0dd8b1869600","93f0dfbb-6722-4b9b-897e-7a2a8ff2a7b0"
"Group","Lord Yester & Heritors and Parishoners of Dunfermline",,,,"20719add-90b9-40ab-9ceb-0dd8b1869600","004f6147-aca2-4f1e-82bc-93dab99d1afc"
"Group","Commissioners of Supply of Lanarkshire",,,,"20719add-90b9-40ab-9ceb-0dd8b1869600","92760aef-dc79-4cea-9dc0-5208d2a5b13c"
"Group","Captain Johnston; Officers",,,,"20719add-90b9-40ab-9ceb-0dd8b1869600","1fb02a47-fc8f-425e-8acf-257c74993977"
"Group","Ministers, Espiscopal Persuasion",,,,"20719add-90b9-40ab-9ceb-0dd8b1869600","718b84a1-ae3a-4a49-9856-f9acc746c606"
"Group","King William & Queen Mary",,,,"20719add-90b9-40ab-9ceb-0dd8b1869600","9f141217-899c-4f3c-a56f-f4fee97f863f"
"Group","George Walker & John Michelburn",,,,"20719add-90b9-40ab-9ceb-0dd8b1869600","05faa499-fa37-4b92-b61f-0ac6f4626ed9"
"Group","Presbyterian Ministers, Glasgow",,,,"20719add-90b9-40ab-9ceb-0dd8b1869600","61dd0ed1-9352-406d-a511-4a1bd5ec344e"
"Group","Crew of ""Mary"" of Glasgow",,,,"20719add-90b9-40ab-9ceb-0dd8b1869600","22b397c9-322a-4606-bbe2-9a6ebc84db13"
"Group","Subjects",,,,"20719add-90b9-40ab-9ceb-0dd8b1869600","3dc70b03-d6a0-4711-ae14-b61567a474a8"
"Group","Cap. McAdam & two officers",,,,"20719add-90b9-40ab-9ceb-0dd8b1869600","dc78f886-1e91-4753-ba7b-a1408d5541da"
"Group","Protestant Ministers, England",,,,"20719add-90b9-40ab-9ceb-0dd8b1869600","3f898a2f-02e8-4f57-af80-245817ca5b3c"
"Group","Commissioners of Supply for Dumfries",,,,"20719add-90b9-40ab-9ceb-0dd8b1869600","83bfd51b-5c0d-4833-a0f1-59834e31780a"
"Group","Bombardiers & Miners",,,,"20719add-90b9-40ab-9ceb-0dd8b1869600","3800602b-224f-4177-a2b1-56d0ecc6fac6"
"Group","Langton & William Anderson",,,,"20719add-90b9-40ab-9ceb-0dd8b1869600","8fec8c58-ac8b-44ff-ac98-2e00223eaa75"
"Group","Lt. Colonel & Major & Captains",,,,"20719add-90b9-40ab-9ceb-0dd8b1869600","a080b12e-8a79-4efb-985c-7ff9ef3f6f58"
"Group","Hall; Convention of Royal Burghs",,,,"20719add-90b9-40ab-9ceb-0dd8b1869600","7cbfe4e9-0de0-4d4f-b65c-1ad6d8c55a81"
"Group","Jacobites",,,,"20719add-90b9-40ab-9ceb-0dd8b1869600","67196631-1339-4600-b071-1add1ca0820e"
"Group","Melville & John Dalrymple",,,,"20719add-90b9-40ab-9ceb-0dd8b1869600","3c9dc005-166d-43c4-87a5-84deb48ded43"
"Group","Judges of the Court of Session",,,,"20719add-90b9-40ab-9ceb-0dd8b1869600","3a4fb594-cd0e-4c1e-b422-87babd6d9aeb"
"Group","John Baillie & Arthur Naismith",,,,"20719add-90b9-40ab-9ceb-0dd8b1869600","bd4377d8-8068-4d70-b76d-cb005584c016"
"Group","Ministers in London",,,,"20719add-90b9-40ab-9ceb-0dd8b1869600","1bea825b-a630-4725-8460-d0b4ecab0b39"
"Group","Presbyterian Ministers",,,,"20719add-90b9-40ab-9ceb-0dd8b1869600","a0c1e1d4-7f18-4390-ab73-1ecca3eebefe"
"Group","Leven & Mackay",,,,"20719add-90b9-40ab-9ceb-0dd8b1869600","ee2461de-da0a-45ce-84e6-014935da0aa6"
"Group","John Chapel, John Price & Richard Morris",,,,"20719add-90b9-40ab-9ceb-0dd8b1869600","805f78a9-4b21-44e2-a760-85276970ab98"
"Group","Gabriel Cunningham, Carstares, William Dunlop",,,,"20719add-90b9-40ab-9ceb-0dd8b1869600","4432882e-2c93-4617-bd19-f3b5de152326"
"Group","Archbishop & Bishops of Scotland",,,,"20719add-90b9-40ab-9ceb-0dd8b1869600","4f40f8c5-ca2f-4fe5-b85b-37f547893472"
"Group","Col. Livingston's Dragoons",,,,"20719add-90b9-40ab-9ceb-0dd8b1869600","943b904e-90d4-4dbe-a56b-9bde4c18d44a"
"Group","Highland Chieftains",,,,"20719add-90b9-40ab-9ceb-0dd8b1869600","b7986e5b-c8a1-4f28-a3bc-7c55d2fcccd4"
"Group","Anderson of Dowhill & Spruell",,,,"20719add-90b9-40ab-9ceb-0dd8b1869600","f3233625-3dc2-411b-b83a-eccc0ed2b0ff"
"Group","Lord James Murray, Patrick Stewart, John McLean, Donald Mcdonald, Ewan Cameron, Laird Glengarry, Laird Benbecula, Alexander McLean, Laird Appin, Laird Inveraray, Laird Crathie & Braemar, Laird Keppoch, Laird Struan, Laird Callachilly, Lt. Col. McGregor Barn, Laird McNaughton",,,,"20719add-90b9-40ab-9ceb-0dd8b1869600","83250360-4e28-47de-926f-c2a5773f4e1d"
"Group","Argyll, Glencairn, Eglinton & others",,,,"20719add-90b9-40ab-9ceb-0dd8b1869600","8981103e-f16e-4d1d-a3ce-6453731c19eb"
"Group","Patrick Moray & Walter Cornwall",,,,"20719add-90b9-40ab-9ceb-0dd8b1869600","9d58afb9-dcce-43af-9279-6b67a26bb4ad"
"Group","Inferior Courts",,,,"20719add-90b9-40ab-9ceb-0dd8b1869600","0b633de7-0dc6-46f7-8b1e-31e0d0ebe6a8"
"Group","Magistrates of Edinburgh & Keeper of Tolbooth",,,,"20719add-90b9-40ab-9ceb-0dd8b1869600","7d49c335-2622-4f9d-b733-2e53c85158a5"
"Group","Shires of Perth, Stirling & Dumbarton",,,,"20719add-90b9-40ab-9ceb-0dd8b1869600","f1caa658-4ee2-4e88-bf2a-c6a69e284910"
"Group","Highland Clans",,,,"20719add-90b9-40ab-9ceb-0dd8b1869600","f2232350-d5fa-4a61-a3e8-ba3a9b36356e"
"Group","Lichfield's regiment & Arran's regiment",,,,"20719add-90b9-40ab-9ceb-0dd8b1869600","b356dd6d-b576-427e-8d8a-c8c1cbf1a76c"
"Group","Lord Strathallan & Perth",,,,"20719add-90b9-40ab-9ceb-0dd8b1869600","52489836-1a84-4ebd-8028-2358ccc6678d"
"Group","George Lockhart, Carnwarth",,,,"20719add-90b9-40ab-9ceb-0dd8b1869600","ffbab262-0cac-43c8-b62b-3be533dc0b1f"
"Group","Polwarth; Forbes",,,,"20719add-90b9-40ab-9ceb-0dd8b1869600","39dbbd5f-a2cf-4617-abab-18889198754a"
"Group","Protestant Subjects",,,,"20719add-90b9-40ab-9ceb-0dd8b1869600","27d36382-89b0-49fc-8bad-c95ae3bc9396"
"Group","Magistrates of Edinburgh",,,,"20719add-90b9-40ab-9ceb-0dd8b1869600","6b92f86a-f6d8-4ce6-822a-1df99720b468"
"Group","Bellenden",,,,"20719add-90b9-40ab-9ceb-0dd8b1869600","e91a8cbd-94e2-4812-a45e-37528f5a0501"
"Group","Commissioners of Supply for Renfrewshire",,,,"20719add-90b9-40ab-9ceb-0dd8b1869600","bfffdb64-fa4f-422e-9a42-4d727c650d06"
"Group","Ross & William Cochran of Kilmarnock",,,,"20719add-90b9-40ab-9ceb-0dd8b1869600","8077148e-bbfa-4460-baed-ce9ba4ce1f8c"
"Group","Tenants of Cardross",,,,"20719add-90b9-40ab-9ceb-0dd8b1869600","4e43ed7a-c590-4725-9cc7-f2547e9f15d5"
"Group","James Garden, Alexander Leask & John Forbes",,,,"20719add-90b9-40ab-9ceb-0dd8b1869600","84c17d8e-4f2d-4a27-9c00-ef90e0c6c4ce"
"Group","Magistrates & Council of Edinburgh",,,,"20719add-90b9-40ab-9ceb-0dd8b1869600","78207d9c-d6fb-4cfb-b765-9c6b3eac0d12"
"Group","James Fountain & William Douglas",,,,"20719add-90b9-40ab-9ceb-0dd8b1869600","8feac986-64d6-4533-bab4-b6e69d07c6e1"
"Group","Heritors in Atholl",,,,"20719add-90b9-40ab-9ceb-0dd8b1869600","efb0c468-1892-49be-92b7-659a9dea1837"
"Group","Ministers, Episcopal Persuasion",,,,"20719add-90b9-40ab-9ceb-0dd8b1869600","9ad3618d-543d-4403-84ff-ce34e0ad5a8f"
"Group","Noblemen and Gentlemen of Scotland",,,,"20719add-90b9-40ab-9ceb-0dd8b1869600","ab041156-ef72-4bf9-85a8-673d2958e3cd"