ID,DATE,TOPICS
1,3/7/1689,"war, levy, castle, religion, invasion"
2,3/7/1689,"convention, religion, elections"
3,3/23/1689,"levy, K. James, invasion, French, convention "
4,3/27/1689,"levy, invasion, Ireland, religion, ships"
5,3/30/1689,"Edinburgh Castle, Scotland, levy"
6,4/1/1689,"convention, Scotland, coast, Admiral Herbert"
7,4/5/1689,"levy, Ireland, K. James, enemies, convention, ships"
8,4/9/1689,"supply, Mackay, Ireland, convention, forfaulture"
9,4/11/1689,"coronation, levy, Ireland, allegiance"
10,4/13/1689,"convention, religion, service, petition of right"
11,4/13/1689,"religion, convention, interest"
12,4/21/1689,"company, Major Graham"
13,4/21/1689,"levy, Mackay, King"
14,4/25/1689,"Tarbat, service, ships, invasion"
15,4/25/1689,"Scotland, Argyll, Ireland, convention"
16,4/30/1689,"parliament, convention, levy"
17,5/15/1689,"appointment, secretary, King, service"
18,5/18/1689,"King, service"
19,5/20/1689,"service, Perth, ships, Ireland, coast, Dundee"
20,5/21/1689,"privy council, great seal, parliament"
21,5/21/1689,"health, Scotland, counsel, King, service"
22,5/23/1689,"friendship, honor, interest"
23,5/24/1689,"Melville, elections, Dundee, Ireland, levy"
24,5/24/1689,"King, favor"
25,5/25/1689,"mail, Melville, service, parliament"
26,5/25/1689,"Dundee, Mackay, ships, Rooke"
27,5/27/1689,"King, service, parliament"
28,5/27/1689,"reputation, service, friendship"
29,5/28/1689,"interest, service, friendship"
30,5/30/1689,"privy council, provisions, magazines, service"
31,5/31/1689,"regime, Scotland, health, pass"
32,5/31/1689,"King, appointment"
33,6/1/1689,"Mackay, prisoner, garrison, parliament"
34,6/1/1689,"friendship, loyalty, honesty"
35,6/1/1689,"enemies, Scotland, highlanders, Hill, forces"
36,6/1/1689,"Mackay, highlanders, rebellion, K. James, enemies, papist"
37,6/4/1689,"commission, great seal, privy council, Dundee"
38,6/4/1689,"King, appointment"
39,6/4/1689,"Tarbat, King, friendship"
40,6/6/1689,"interest, service, friendship"
41,6/6/1689,"great seal, parliament, King"
42,6/6/1689,"husband, providence, insurrection, King, friendship"
43,6/7/1689,"interest, King, appointment, parliament, Claim of Right"
44,6/8/1689,"Schomberg, Mackay, parliament, service"
45,6/8/1689,"Ireland, intelligence, French fleet, Dundee, Rooke"
46,6/8/1689,"health, service, interest"
47,6/11/1689,"parliament, service"
48,6/11/1689,"Dundee, Atholl, intelligence"
49,6/11/1689,"Melville, loyalty"
50,6/13/1689,"friendship, interest, "
51,6/13/1689,"Edinburgh Castle, Mackay, intelligence"
52,6/14/1689,"Mackay, prisoner, Edinburgh Castle, Ireland, Gordon"
53,6/14/1689,"King, Hamilton"
54,6/18/1689,"allegiance, committees, service, great seal, Ireland, Rooke"
55,6/18/1689,"appointment, troop, Ross"
56,6/18/1689,"Skelmorlie, coronation, influence, health"
57,6/18/1689,"parliament, vote, Edinburgh Castle, Dundee, Skelmorlie, Club"
58,6/18/1689,"Mackay, Ireland, Crawford, French"
59,6/18/1689,"Edinburgh Castle, Crawford"
60,6/20/1689,"parliament, privy council, articles, Club, indemnity"
61,6/20/1689,"Scotland, Holland, secretary, religion"
62,6/20/1689,"Hamilton, great seal, Skelmorlie"
63,6/22/1689,"parliament, articles, committees, Glasgow, election, Melville"
64,6/23/1689,"Kirk, Rooke, Ireland, service"
65,6/24/1689,"service, Lady Hilton, favor"
66,6/24/1689,"Lady Hilton, charity"
67,6/24/1689,"affairs, intelligence, philiphaugh"
68,6/25/1689,"parliament, Crawford, Edinburgh Castle"
69,6/25/1689,"favor, service"
70,6/25/1689,"chancellor, privy council, committees, friendship"
71,6/25/1689,"Scotland, invasion, representation, Club, Dundee, Lady Erroll"
72,6/25/1689,"privy council, Glasgow, elections, castle"
73,6/26/1689,"recommendation, brother"
74,6/26/1689,"parliament, church government, commission"
75,6/27/1689,"Dalrymple, church settlement, committees"
75,6/27/1689,"service, religion, interest"
76,6/27/1689,"parliament, representation, church government, Aberdeen, grievances"
77,6/27/1689,"privy council, Dundee, prisoner"
78,6/27/1689,"parliament, committees, Dalrymple, service"
79,6/27/1689,"articles, parliament, committees, K. James"
80,6/27/1689,"commissioners, privy council, chancellor, articles, Fearne, Munro"
81,6/28/1689,"church government, parliament, Club, Dundee"
82,6/29/1689,"Fearne, service"
83,6/29/1689,"popery, service, friendship"
84,6/29/1689,"church government, K. James, religion, Scotland, interest"
85,6/29/1689,"parliament, Dalrymple"
86,6/29/1689,"parliament, Scotland, Nairne"
87,6/29/1689,"violence, government, service"
88,"June-July, 1689","religion, interest, government"
88,June-July 1689,"property, clerk register, parliament, Edinburgh"
88,June-July 1689,"service, recommendation"
88,June-July 1689,"King, treasury, Hamilton"
88,June- July 1689,"King, parliament, K. James, convention, Dundee, service"
88,"June-July, 1689","Scotland, King, privy council, Munro, Mackay"
88,June-July 1689,"articles, parliament, enemies, officers of state"
88,June-July 1689,"grievances, Scotland, K. James, mint, parliament, judges"
89,6/1/1689,"church government, parliament, ministers, privy council"
90,6/1/1689,"King, friendship"
91,6/1/1689,"King, friendship, Leven, Angus"
92,6/1/1689,"Hamilton, King, anger, authority"
93,6/1/1689,"privy council, Dundee, Leven, Oswald"
94,6/1/1689,"Edinburgh, debts, restoration, exchequer, French, trade"
95,7/2/1689,"articles, Dalrymple, church government, intelligence, Dundee, Inverlochy"
96,7/2/1689,"privy council, prisoner, plot, invasion, Dundee, Mackay"
97,7/2/1689,"church government, religion, Aberdeen, religion"
98,7/2/1689,"parliament, committees, friends"
99,7/2/1689,"parliament, Club, religion, church government"
100,7/4/1689,"parliament, Leven, highlands, Dundee, King"
101,7/4/1689,"parliament, church government"
102,7/4/1689,"Dundee, prisoner, Edinburgh Castle"
103,7/4/1689,"Kirk, Edinburgh Castle, K. James, Dundee, Gordon"
104,7/6/1689,"parliament, articles, Dundee, highlands, Inverlochy"
105,7/6/1689,"church government, parliament"
106,7/6/1689,"friendship, instructions"
107,7/6/1689,"service, regiment, Dalrymple"
108,7/7/1689,"church government, Ireland, Club, privy council, Bass, Mackay, highlands"
109,7/9/1689,"mail,  ports, articles, prisoner, papist, examination"
110,7/9/1689,"plot, dragoons, Dundee, Skelmorlie, articles, Club"
111,7/9/1689,"Skelmorlie, Club, Annandale, "
112,7/10/1689,"parliament, grievances, articles, church government, Argyll"
113,7/11/1689,"articles, church, government, Ireland"
114,7/11/1689,"Morton, examination"
115,7/11/1689,"church government, articles, grievances, secrets"
116,7/11/1689,"church government, Argyll, Club, K. James, Ireland"
117,7/11/1689,"excise, commission"
118,7/11/1689,"plot, examination, Tarras, health"
119,7/11/1689,"committees, church government, Claim of Right, plot, Dundee, K. James"
120,7/12/1689,"Club, Argyll, church government, Club"
121,7/12/1689,"church government, grievances, Club, forces"
122,7/13/1689,"church government, articles, Scotland, Kintyre, invasion"
123,7/13/1689,"French, ships, coast, Ireland, Mackay, parliament"
124,7/14/1689,"parliament, Burley, Holland, mint"
125,7/16/1689,"Lady Drum, church government, parliament, King"
126,7/17/1689,"defense, violence, highlanders"
127,7/18/1689,"parliament, church governement, Dundee, Mackay, Argyll, Stirling"
128,7/18/1689,"church government, parliament, army, Dundee, "
129,7/19/1689,"commission, Schomberg, Ireland"
130,7/19/1689,"prisoner, health, soldiers"
131,7/20/1689,"parliament, Argyll, church government, plot, Bellenden, K. James, Ireland"
132,7/20/1689,"Club, west, invasion, judges, Dundee, Ireland, plot"
133,7/22/1689,"Club, parliament, service, King, chancellor"
134,7/22/1689,"Stirling, secretary, service"
135,7/23/1689,"mail, parliament, church government, Dundee, Rooke, prisoner"
136,7/23/1689,"service, religion, parliament, Dundee, enemies, mail"
137,7/23/1689,"nominations, Dalrymple, parliament, King"
138,7/24/1689,"articles, Gordon, K. James, Dundee, Bass, church government"
139,7/25/1689,"army provisions, Inverlochy, church government, articles, Rooke, islands, prisoner"
140,7/25/1689,"Club, Mackay, dragoons, plot, Provinciall, papist"
141,7/25/1689,"parliament, Mackay, articles, Edinburgh Castle"
142,7/26/1689,"parliament, grievances, friendship"
143,7/27/1689,"parliament, council, Stirling Castle, enemies, Perth, Buchan"
144,7/27/1689,"Club, Mackay, wife health, regiment "
145,7/28/1689,"Mackay, intelligence, Dundee, Killiecrankie, prisoner"
146,7/28/1689,"Killiecrankie, Dundee"
147,7/28/1689,"Killiecrankie, Dundee, Argyll, enemies"
148,7/29/1689,"Killiecrankie, highlanders, Livingston, Dundee, Stirling, dragoons"
149,7/29/1689,"Dutch dragoons, Dundee, Stirling"
150,7/29/1689,"Killiecrankie, Mackay"
151,7/30/1689,"Killiecrankie, Dundee, Mackay, Canon"
152,7/30/1689,"Leven, Mackay, Killiecrankie"
153,7/30/1689,church government
154,7/30/1689,"parliament, Dalrymple"
155,7/30/1689,"Leven, treachery"
156,7/30/1689,"Killiecrankie, Doge of Venice, Club, Claim of Right, intelligence, enemies, King"
157,7/30/1689,"Dundee, intelligence, Mackay, Bass, Club, church government, enemies"
158,7/1/1689,"Leven, dragoons, war, ship"
159,7/1/1689,"parliament, church government"
160,8/1/1689,"Ireland, Kirk, Dundee, highlanders, coast, Dundee, Test"
161,8/1/1689,"parliament, Claim of Right, church government, Dundee, religion, enemies"
162,8/1/1689,"Dundee, Blair Castle, K. James, Killiecrankie, Mackay"
162,7/19/1689,"K. James, prisoner, Hamilton, Melfort, French, Ireland"
162,7/23/1689,"service, K. James, Blair Castle, French, ships"
162,7/25/1689,"K. James, Mackay"
163,8/2/1689,"parliament, Dundee, highlanders, highlands, coast, Ireland"
164,8/2/1689,"Dundee, K. James, Canon, Stirling, Club, church government, Skelmorlie"
165,8/2/1689,"intelligence, highlanders, Mackay"
166,8/2/1689,"service, mercy, prisoner, King"
167,8/3/1689,"Mackay, mail, privy council"
168,8/3/1689,"privy council, Skelmorlie, service, "
169,8/3/1689,"Dundee, Mackay, Killiecrankie"
170,8/4/1689,"Mackay, K. James, Club, Hamilton"
171,8/6/1689,"Ireland, K. James, Rooke, ships, coast, invasion"
172,8/6/1689,"King, favor, religion, prisoner"
173,8/6/1689,"favor, Glasgow, bishopric"
174,8/7/1689,"parliament, Mackay, French fleet, K. James, Club, Inverlochy"
175,8/8/1689,"Mackay, highlanders, invasion, K. James"
176,8/8/1689,"Killiecrankie, Ireland, coast, ships, K. James"
177,8/8/1689,"King, Killiecrankie, Dundee, prisoner, Ireland, K. James, French fleet"
178,8/8/1689,"attendance, parliament"
179,8/8/1689,"Club, parliament, service, Inverlochy"
180,8/9/1689,"privy council, enemies, ministers"
181,8/10/1689,"church government, court"
182,8/13/1689,"council, indemnity, Kirk, Ireland, prisoner"
183,8/13/1689,"prisoner, Ireland, Schomberg, K. James, papist"
184,8/13/1689,"health, ministers, King"
185,8/13/1689,"council, Mackay, ships, King"
186,8/13/1689,"religion, government"
187,8/14/1689,"grievances, parliament, trade"
188,8/15/1689,"Kirk, King, Shrewsbury, indemnity"
189,8/16/1689,"Schomberg, correspondence, privy council"
190,8/16/1689,"Leven, favor, guards"
191,8/16/1689,"Schomberg, indemnity, Breadalbane, Highlands"
192,8/19/1689,"popery, church government, parliament"
193,8/20/1689,"church government, friendship, religion, mail"
194,8/20/1689,"permission, travel, favor"
195,8/20/1689,"favor, levy, service"
196,8/20/1689,"privy council, Ruthven, Stirling"
197,8/22/1689,"ships, trade, Glasgow, French, privy council"
198,8/22/1689,"commission, Ireland, supply"
199,8/28/1689,"Blair Castle, Dunkeld"
200,8/29/1689,"favor, service"
201,8/29/1689,"church, favor, advice"
202,8/31/1689,"Edinburgh Castle, Leven, treasury, Ireland, highlands"
203,8/1/1689,"bombardeers, castle, King"
204,9/3/1689,"enemies, mutiny, highlands, "
205,9/3/1689,"Mackay, highlands, parliament"
206,9/3/1689,"Mackay, weather, supply"
207,9/4/1689,"parliament, church,  service, Claim of Right"
208,9/5/1689,"provisions, pay, Portland, Slezer, highlands, prisoner"
209,9/5/1689,"Blantyre, regiment, commissions"
210,9/5/1689,"ministers, intelligence, interest"
211,9/5/1689,"mercy, favor, King"
212,9/8/1689,"trade, treasury, Holland, popery, parliament"
213,9/9/1689,"prisoner, indemnity, Mackay"
214,9/10/1689,"Tweeddale, indemnity, King, Europe"
215,9/10/1689,"favor, mail, service"
216,9/10/1689,"treasury, trade, Hamilton, army"
217,9/10/1689,"privy council, indemnity, ministers, Crawford, Mackay"
218,9/10/1689,"Crawford, commissions, forces, mint, friendship"
219,9/12/1689,"Hamilton, highlanders, Crawford, rebels, enemies"
220,9/12/1689,"Hamilton, Club, Queensberry"
221,9/14/1689,"Queensberry, Hamilton, Jerviswood"
222,9/18/1689,"Blair Castle, quartering, supply"
223,9/19/1689,"Hamilton, privy council, rents"
224,9/19/1689,"Leven, ministers, stipends"
225,9/23/1689,"Ireland, character, Shrewsbury"
226,9/1/1689,"Leven, friendship, King"
227,9/1/1689,"privy council, submission, prisoner, Mackay, Club, Claim of Right"
228,10/3/1689,"religion, Hamilton, French"
229,10/3/1689,"Edinburgh, debts"
230,10/6/1689,"Scotland, army, Danish, K. James"
231,10/8/1689,"ministers, church, prisoner, Ireland, postmaster, mail"
232,10/9/1689,"Scotland, King, session"
233,10/12/1689,"council, K. James, King, religion, popery, Dundee, French"
234,10/15/1689,"privy council, Forbes"
235,10/15/1689,ministers
236,10/20/1689,"Annandale, favor, King, Scotland"
237,10/20/1689,"Scotland, French fleet"
238,10/20/1689,"privy council, commission"
239,10/22/1689,"justice, Scotland, appointment"
240,10/24/1689,"Leven, ministers, parliament, religion"
241,10/29/1689,"religion, King, service"
242,10/1/1689,"parliament, justice, treasury, mint, commission, army, garrisons"
243,10/1/1689,"ministers, church government, Scotland"
244,11/1/1689,"favor, King"
245,11/2/1689,"Crawford, parliament, allegiance, Ireland"
246,11/5/1689,"Lady Maitland, papists"
247,11/5/1689,"Elphinson, Ayr"
248,11/5/1689,"ministers, privy council, Glasgow, service"
249,11/7/1689,"intelligence, libel "
250,11/7/1689,"damages, libel, mail, church, popery, Ireland"
251,11/12/1689,"Club, K. James, Duchess of Hamilton"
252,11/12/1689,"Club, parliament, King, service"
253,11/12/1689,"King, favor"
254,11/14/1689,"intelligence, sea, cargo, trade"
255,11/14/1689,"ministers, religion, papists"
256,11/15/1689,"service, allegiance, supply"
257,11/19/1689,"ministers, privy council, Kirkcudbright"
258,11/21/1689,"privy council, church, Melville, intelligence"
259,11/23/1689,"ministers, church, service"
260,11/28/1689,"Edinburgh Castle, Balcarres, mail, prisoner, postmaster"
261,11/30/1689,"service, Seaforth, Berwick, enemies"
262,11/30/1689,"Dundee, enemies, Berwick, Seaforth, rebellion"
263,11/1/1689,"session, Scotland, Edinburgh, Tarbat"
264,12/1/1689,"Scotland, postmaster, Kennedy"
265,12/3/1689,"Langton, prisoner, ministers"
266,12/5/1689,"privy council, parliament, Edinburgh Castle"
267,12/5/1689,"ministers, church, King"
268,12/5/1689,"Club, King, friendship"
269,12/7/1689,"commission, chancellor, privy seal, treasury, justice"
270,12/10/1689,"Carstares, religion"
271,12/10/1689,"pamphlet, ministers, Carstares"
272,12/12/1689,"Hamilton, chancellor, parliament, judiciary"
273,12/12/1689,"Hamilton, chancellor, King, Crawford, excise, debate"
274,12/12/1689,"privy council, service, Hamilton"
275,12/18/1689,"Hamilton, oath, Kirkcudbright, Dumfries, invasion, coast"
276,12/19/1689,"spy, Hugh Campbell"
277,12/19/1689,"service, King, Hamilton, pamphlet, oath, mail"
278,12/19/1689,"Kennedy, supply, Ireland, fleet, Lisburn, provisions"
279,12/21/1689,"church, pamphlet"
280,12/22/1689,"favor, service, Lockhart"
281,12/24/1689,"service, highlands, weather, coast, Dumbarton"
282,12/24/1689,"enemies, K. James, Hamilton, ministers, stipends, K. James"
283,12/26/1689,"service, privy council, King"
284,12/26/1689,"privy council, friendship, Strathmore, Club"
285,12/26/1689,"travel, Danish, horses, recommendation"
286,12/30/1689,"Pitlever, Club"
287,12/31/1689,"customs, religion, King"
288,1/1/1690,"Jacobites, Club, Ireland, Lady Collington"
289,1/2/1690,"favor, patronage, interest"
290,1/4/1690,"dragoons, plot, rebels, Menteith"
291,1/4/1690,"instructions, Club, Argyll, highlanders, Portland, army, regiment"
292,1/7/1690,"favor, parliament"
293,1/7/1690,"commission, Scotland, indemnity"
294,1/9/1690,"religion, parliament, Stair, Hamilton"
295,1/10/1690,"arms, Mackay, Portland, service"
296,1/10/1690,"Club, Inverlochy, highlanders, islands, ships, Ireland, Danish"
297,1/11/1690,"privy council, McGregor, prisoner, highlands"
298,1/14/1690,"Club, Portland, ministers, Langton, parliament, Inverlochy"
299,1/16/1690,"Ireland, Kennedy, Schomberg, supply, Glasgow"
300,1/16/1690,"Club, Edinburgh, Inverlochy, Ireland, K. James, prisoner, Inverlochy"
301,1/17/1690,"Tarbat, Club, service, Jacobites"
302,1/20/1690,"Argyll, Gordon, service"
303,1/20/1690,"favor, Gordon, family"
304,1/20/1690,"Fountainhall, privy council, service"
305,1/21/1690,"favor, King, ministers, revolution, stipends, prisoner"
306,1/21/1690,"friendship, libel, service, pamphlet"
307,1/21/1690,"service, Club, ministers"
308,1/22/1690,"arms, French, parliament, King"
309,1/23/1690,"favor, troop, service"
310,1/24/1690,interest
311,1/25/1690,"pamphlet, printer, prisoner, Club, Skelmorlie"
312,1/25/1690,"King, Scotland, printer, Club, Edinburgh"
313,1/28/1690,"travel, intelligence, pamphlet, treasury, printer, prisoner"
314,1/28/1690,"enemies, Scotland, King"
315,1/30/1690,"parliament, King, Scotland, printer, Club"
316,1/31/1690,"Club, King, Scotland, Jacobites, Breadalbane"
317,2/4/1690,"Jacobites, King, Scotland, church government, Hamilton"
318,2/4/1690,"Ireland, coronation, Club, Hamilton, King"
319,2/4/1690,"Clydesdayle, Ayr, Club, Jacobites, Morton"
320,2/7/1690,"King, Ireland, McGregor, prisoner, highlands, Club, Jacobites "
321,2/8/1690,"parliament, service"
322,2/8/1690,"Skelmorlie, Argyll, intelligence, coast, Ireland, parliament"
323,2/8/1690,"Frazer, recommendation"
324,2/8/1690,"treasury, seamen, levy, ships"
325,2/8/1690,"privy council, army, King, Morton"
326,2/8/1690,"King, parliament, Ireland, Club, religion"
327,2/11/1690,"son, guards, service"
328,2/11/1690,"guards, captain, King, papist, service"
329,2/11/1690,"enemies, King, K. James, arms, supply"
330,2/11/1690,"Culloden, parliament, Jacobites"
331,2/11/1690,"Culloden, health"
332,2/13/1690,"privy council, election, Mackay, Livingston"
333,2/15/1690,"council, Club, articles, King, Ireland"
334,2/15/1690,"Culloden, parliament, judiciary"
335,2/15/1690,"enemies, Scotland, service"
336,2/18/1690,"Strachan, spy, intelligence, Lady Erroll, Ireland, French, K. James"
337,2/20/1690,"Hamilton, mail, K. James, Strachan, spy, papist, Ireland"
338,2/20/1690,"Strachan, Lady Erroll, spy, invasion, K. James, Europe, French fleet"
339,2/20/1690,"Cardross, prisoner, religion, church, west"
340,2/20/1690,"Scotland, K. James, Ireland"
341,2/25/1690,"elections, instructions, church government, supply, invasion, rebels, chancellor"
342,2/28/1690,"Hill, enemies, King, Ireland"
343,2/28/1690,"secret, intelligence, Mackay, forces"
344,2/1/1690,"grievances, secret, intelligence, Mackay, church government"
345,3/18/1690,"Hamilton, parliament, pamphlet, treason, Breadalbane"
346,3/20/1690,"service, parliament"
347,3/20/1690,"parliament, Breadalbane, rebels, Slezer"
348,3/20/1690,"soldiers, desertion, forces, prisoner, garrisons"
349,3/25/1690,"Tarbat, highlanders, rebels, submission"
350,4/9/1690,"parliament, integrity"
351,4/11/1690,"parliament, Carstares"
352,4/12/1690,"Kennedy, Melville, Scotland"
353,4/15/1690,"prisoner, rebellion, security, arms"
354,4/17/1690,"highlanders, Ireland, French fleet, K. James, invasion, islands, coast"
355,4/19/1690,"secrets, regiment, Ireland, Livingston, spy"
356,4/22/1690,"parliament, Carstares, Scotland, religion, Ireland, intelligence"
357,4/24/1690,"Breadalbane, highlanders, submission, security"
358,4/29/1690,"church government, Nairne, parliament, Club"
359,4/1/1690,"committees, elections, instructions"
360,4/1/1690,"Crawford, religion, parliament"
361,5/1/1690,"Drumlanrig, mail, treasury"
362,5/2/1690,"Breadalbane, highlanders, Pottinger, ships"
363,5/7/1690,"forces, soldiers, loyalty, army"
364,5/14/1690,"service, plot, treason"
365,5/15/1690,"Carstares, religion, Mackay, Inverlochy, plot"
366,5/22/1690,"church government, popery, Scotland, parliament, revolution"
367,5/30/1690,"bonds, crimes, torture, universities, trade, Melville"
368,6/3/1690,indemnity
369,6/3/1690,Raith
370,6/5/1690,"Haddington, Test, pension"
371,6/9/1690,"Mackay, Lockhart, prisoners, Ireland, Carstares"
372,6/9/1690,"Carstares, Mackay, Inverlochy, enemies, friendship"
373,6/13/1690,"Highlake, Ireland, Scotland"
374,6/14/1690,"Admiralty, mail, Ferguson, prisoner"
375,6/19/1690,"Drumlanrig, Raith, mail"
376,6/19/1690,"health, interest"
377,6/19/1690,"health, servants"
378,6/21/1690,"Lockhart, intelligence, Ferguson"
379,6/23/1690,"enemies, prisoner, trial"
380,6/23/1690,"intelligence, prisoner, defense"
381,6/23/1690,"plot, religion, evidence"
382,6/23/1690,"service, church government"
383,6/24/1690,"plot, Ross, Monsieur D'Allone"
384,6/26/1690,"French fleet, coast, enemies, Scotland, Ireland, plot"
385,6/27/1690,"travel, Ross, London, Edinburgh"
386,6/27/1690,"provisions, garrison, Inverlochy, highlands, rebels"
387,6/1/1690,"examination, plot, correspondence, Ferguson, Scotland, K. James, French"
388,6/1/1690,"plot, Monsieur D'Allone, Ireland, mail"
389,6/1/1690,"plot, intelligence"
390,7/2/1690,"enemies, French fleet, intelligence, Skelmorlie, correspondence, enemies"
391,7/3/1690,"French fleet, Torrington, Waldeck, invasion, Ireland"
392,7/3/1690,"mail, service"
393,7/3/1690,"Lockhart, evidence"
394,7/4/1690,"Ireland, K. James, Danes, Carstares, Boyne"
395,7/5/1690,"French fleet, Channel"
396,7/6/1690,"intelligence, mail, Inverlochy, coast, fleet, arms, enemies"
397,7/9/1690,"highlands, Ireland, Boyne, K. James, Schomberg, mail"
398,7/10/1690,"mail, intelligence, invasion, Jacobites, service, England"
399,7/10/1690,"garrison, army, provisions, highlands"
400,7/12/1690,"borders, Scotland"
401,7/13/1690,"Canon, Stirling, Lockhart, Ross"
403,7/15/1690,"borders, Scotland, Carlisle, Berwick"
403,7/19/1690,"coast, Ferguson, islands, highlanders, rebellion, Inverlochy"
404,7/19/1690,"service, mail, borders, Scotland"
405,7/21/1690,"Hill, supply, seamen"
406,7/21/1690,"mail, postmaster, intelligence, rebels"
407,7/23/1690,"Scotland, Mackay, Inverlochy, invasion, Limerick"
408,7/24/1690,"mail, highlanders, Skelmorlie"
409,7/24/1690,"regiment, pay, Mackay, mail"
410,7/26/1690,"ships, provisions, soldiers"
411,7/26/1690,"plot, Skelmorlie, indemnity"
412,7/26/1690,"indemnity, plot, Queen, evidence"
413,7/29/1690,"Skelmorlie, evidence, plot, mercy"
414,7/31/1690,"Skelmorlie, plot, mercy, Mr. Jones, Dunkirk"
415,7/1/1690,"Monsieur D'Allone, plot, Skelmorlie, Annandale, French, Ferguson, prisoner"
416,8/2/1690,"justice, taxation, parliament"
417,8/6/1690,"plot, Skelmorlie, Ross, secrets"
418,8/12/1690,"supply, harvest, service"
419,8/13/1690,"Ireland, plot, Queen, French, spy, Neville Payne "
420,8/16/1690,"highlands, enemies, Skelmorlie, plot, correspondence"
421,8/16/1690,"highlands, Cunningham, depredations, enemies"
422,8/17/1690,"highlanders, Dunottar, Buchan, K. James"
423,8/20/1690,"favor, testimony"
424,8/21/1690,"highlanders, islands, K. James, invasion, England, Glengarry, Inverness"
425,8/21/1690,"church government, Spottiswood"
426,8/22/1690,"health, servants, rebellion"
427,8/24/1690,"Dalrymple, Lady Skelmorlie, friendship, plot, enemies, ships"
428,8/28/1690,"Tarbat, Macky"
429,8/30/1690,"plot, Ferguson, K. James, Neville Payne, French"
430,8/1/1690,"plot, treason, evidence"
431,8/14/1690,"plot, Skelmorlie, K. James, Neville Payne, Ireland, correspondence, Jacobites"
432,8/1/1690,"Neville Payne, Skelmorlie, treason, Scotland, correspondence"
433,8/1/1690,"Skelmorlie, plot, Neville Payne, intelligence"
434,8/1/1690,"Skelmorlie, plot, Neville Payne, Ferguson, mail, Ireland"
435,8/1/1690,"plot, Ireland, King, Neville Payne, mail"
436,8/1/1690,"plot, Ferguson, Queen, Neville Pain"
437,8/1/1690,"Skelmorlie, plot, K. James, correspondence, pardon"
438,8/1/1690,"plot, Simpson, Skelmorlie, invasion, French"
439,9/2/1690,"regiment, Scotland, Hill"
440,9/2/1690,"testimony, King, mercy"
441,9/6/1690,"K. James, invasion, French, correspondence"
442,9/6/1690,"favor, news, Ireland, England"
443,9/6/1690,"ships, Glasgow"
444,9/7/1690,"ships, Glasgow, Pottinger, King"
445,9/7/1690,"King, Ireland, Holland, bells"
446,9/10/1690,"enemies, intelligence, Stirling, weather, Argyll, Menteith"
447,9/17/1690,"highlanders, depredations, travel"
448,9/18/1690,"Ireland, plot, Melville"
449,9/27/1690,"Inverlochy, pay, treasury"
450,9/29/1690,"Scotland, parliament"
451,10/2/1690,"Ireland, church government, parliament"
452,10/2/1690,"favor, duty, church, prayer"
453,10/2/1690,"mail, universities, highlanders, Ireland"
454,10/2/1690,"Buchan, Canon, K. James, Ireland, papists, Belfast "
455,10/2/1690,"loyalty, relief"
456,10/8/1690,"friendship, favor"
457,10/9/1690,"Assembly, church, parliament, ships, coast, Dunkirk"
458,10/10/1690,"Assembly, church, universities, Carmichael"
459,10/10/1690,"Assembly, church"
460,10/10/1690,"Assembly, enemies"
461,10/10/1690,"enemies, Assembly"
462,10/10/1690,"religion, Assembly, parliament"
463,10/10/1690,Assembly
464,10/10/1690,"Assembly, supply"
465,10/13/1690,"King, Scotland, Hume"
466,10/13/1690,"Carmichael, Assembly, parliament"
467,10/14/1690,"Carmichael, Assembly, King"
468,10/16/1690,"rebels, highlands, islands, prisoner, Mackay"
469,10/17/1690,"Assembly, mail, Carmichael"
470,10/17/1690,"Crawford, Assembly"
471,10/18/1690,"enemies, rebellion, son"
472,10/18/1690,"Assembly, religion, service"
473,10/18/1690,"Assembly, instructions"
474,10/21/1690,"Mackay, Hill, Assembly, Ireland, highlanders"
475,10/22/1690,"Hill, highlands, highlanders, Seaforth, cess"
476,10/22/1690,"Assembly, parliament, exchequer"
477,10/22/1690,"Assembly, dissolution"
478,10/24/1690,"religion, address, Carstares"
479,10/28/1690,"rebels, Bellenden, prisoner, Buchan"
480,10/28/1690,"Bellenden, travel, enemies, service"
481,10/30/1690,"Raith, enemies, highlands, depredations"
482,10/30/1690,"Bellenden, examination, murder"
483,11/1/1690,"Carstares, Cunningham, universities, Bellenden, King, Trottar"
484,11/1/1690,"Assembly, enemies, universities, Glasgow"
485,11/1/1690,"Assembly, moderation"
486,11/1/1690,"Hill, highlands, Inverlochy, highlanders, treasury, Argyll"
487,11/6/1690,"Assembly, dissolution"
488,11/6/1690,"Lady MacDonald, charity, islands"
489,11/8/1690,"Hill, highlands, Seaforth"
490,11/12/1690,"Assembly, ministers, popery"
491,11/14/1690,"Assembly, parliament, church government, Carstares"
492,11/14/1690,"moderation, church, regiment, mischief"
493,11/15/1690,"Assembly, friendship, Lady MacDonald"
494,11/15/1690,"Carstares, recommendation"
495,11/15/1690,"Carstares, enemies, Mackay, Stirling Castle, treasury"
496,11/18/1690,"Morton, Claim of Right, Advocate"
497,11/20/1690,"judges, principals, commission"
498,11/22/1690,"mail, Edinburgh, Berwick, Claim of Right, Jacobites, Inverlochy"
499,11/25/1690,"mail, London, Morton"
500,11/15/1690,"Argyll, islands, highlands, Hill"
501,12/2/1690,"Captain Bruce, Edinburgh"
502,12/4/1690,"Bargany, parliament"
503,12/4/1690,"charity, bishopric, Livingston"
504,12/4/1690,"favor, health, son"
505,12/6/1690,"Neville Payne, K. James, plot, correspondence"
506,12/6/1690,"Annandale, K. James, Edinburgh Castle"
507,12/11/1690,"Neville Payne, torture, intelligence"
508,12/16/1690,"regiment, Inverlochy, provisions, treasury, Hill"
509,12/18/1690,"Hill, highlanders, Seaforth, religion"
510,12/19/1690,"favor, son"
511,12/19/1690,"highlands, Hill, indemnity, Scotland"
512,12/23/1690,"payment, secrets, Perth, prisoner"
513,12/27/1690,"treasury, instructions, Marr"
514,12/30/1690,"character, session, mischief"
515,12/30/1690,"horning, Grant, pamphlet"
516,1/6/1691,"Neville Payne, Edinburgh Castle, prisoner"
517,1/10/1691,"exchequer, Cassillis, Carstares, plot"
518,1/29/1691,"Scotland, privy council"
519,2/12/1691,"religion, government"
520,2/13/1691,"mail, Scotland, religion, ships"
521,2/20/1691,"Livingston, council, army, Bellenden"
522,2/28/1691,"ministers, rebels, Perth, prisoner, King"
523,3/20/1691,"French, service, Leven, Raith"
524,3/21/1691,"postmaster, enemies, Aberdeen"
525,3/28/1691,"McMillan, Holland"
526,3/31/1691,"Perth, Wigton, prisoner, French"
527,4/2/1691,"French, invasion, Inverlochy, Hill"
528,4/14/1691,"treason, arms, parliament, council, Scotland"
529,4/18/1691,"King, London"
530,4/21/1691,"provisions, Holland, Inverlochy, mail"
531,4/25/1691,"provost, Assembly, Lockhart, Aberdeen, church government, treasury"
532,4/28/1691,Hill
533,4/30/1691,"invasion, mail, Slezer, supply, garrisons, forces"
534,5/1/1691,"highlanders, French, Ireland, treasury, ships, Glengarry"
535,5/12/1691,"highlanders, Glengarry, French, Ireland"
536,5/12/1691,"highlanders, Livingston, French, Ireland, highlands"
537,5/15/1691,"mail, highlanders, Glengarry"
538,5/22/1691,appointment
539,5/23/1691,"Raith, security"
540,5/25/1691,"Hill, Livingston, Edinburgh Castle, prisoner, invasion, Ireland, French"
541,5/25/1691,"Hill, Ferrybridge"
542,5/28/1691,"Seaforth, Home, prisoner, invasion, Jacobites"
543,6/3/1691,"privy council, highlanders, islands, ships, sea"
544,6/4/1691,"favor, health"
545,6/4/1691,"Breadalbane, Ireland"
546,6/8/1691,"Berwick, Scotland, French, Brussels"
547,6/9/1691,"French fleet, Ireland, islands, Berwick, intelligence, highlanders"
548,6/13/1691,"Arran, French fleet, islands"
549,6/16/1691,"French fleet, islands, highlanders, Breadalbane, Bass, prisoner"
550,6/18/1691,"intelligence, islands, highlanders, Breadalbane, expenses"
551,6/18/1691,"Pembroke, trade, coast, Pottinger"
552,6/19/1691,"Argyll, mail, interest"
553,6/23/1691,"Pembroke, trade, Clyde, privy council, islands, coast"
554,6/26/1691,"Breadalbane, highlands, Buchan, islands, Leven"
555,7/2/1691,"Ireland, bishopric, pensions, sea"
556,7/16/1691,"church, bishops"
557,7/21/1691,"Ireland, highlands, Hill, McMillan"
558,7/23/1691,"Lockhart, church, synods, moderation"
559,7/23/1691,"highlands, highlanders"
560,7/25/1691,"Hill, soldiers, Inverlochy, French, prisoner"
561,7/28/1691,"treasury, Lockhart, justice"
562,7/29/1691,"highlands, Livingston, highlanders, Inverlochy, intelligence"
563,7/29/1691,"Hill, Livingston"
564,7/1/1691,"Scotland, mail, Livingston, McMillan"
565,8/3/1691,"Livingston, forces"
566,8/3/1691,"privy council, Berwick, mail, Queen"
567,8/4/1691,"Scotland, horses, service"
568,8/4/1691,"enemies, regiment, highlanders, seamen"
569,8/4/1691,"Hill, Livingston, forces, Scotland"
570,8/20/1691,"prison, K. James, Leven"
571,8/21/1691,"treasury, Livingston, church, Lundie"
572,8/22/1691,"peace, confederation"
573,8/27/1691,"treasury, French, Hague"
574,8/29/1691,"Kintore, Livingston, Bass"
575,8/29/1691,"privy council, adjournment"
576,8/29/1691,"French, K. James, Hill, castle"
577,8/29/1691,"privy council, Jacobites, intelligence, indemnity"
578,9/11/1691,"Breadalbane, Hill, French, enemies"
579,9/11/1691,"Fife, highlanders, dragoons"
580,9/19/1691,"Raith, church"
581,10/5/1691,"Edinburgh, winter"
582,10/10/1691,"friendship, garrisons, Hill"
583,10/14/1691,"King, winter, travel"
584,10/17/1691,"removal, highlands, K. James, Buchan, peace"
585,10/29/1691,"Breadalbane, Canon, French, K. James, highlanders, intelligence"
586,11/2/1691,"King, Carmichael, Belhaven"
587,11/20/1691,"treasury, parliament, edinburgh"
588,12/26/1691,"Livingston, service, highlanders"
